benchmark_type,engine,error,error_category,hallucination_rate,latency_ms,num_results,primary_language,primary_repo,query_id,query_text,relevant_tokens_returned,run_id,token_efficiency,total_tokens_returned,trace_id
hallucination,nia,,,0.0,0.00,0,,,,Create a FastAPI endpoint that accepts a JSON body with nested Pydantic models and returns a validated response,0,e71e05d58497,,0,b3008aa6c798
hallucination,nia,,,0.0,0.00,0,,,,"Set up an async HTTPX client with custom timeout, retry logic, and connection pooling",0,e71e05d58497,,0,5d5737d9b52f
hallucination,nia,"[{'type': 'outdated_api', 'detail': ""'field_validator' uses deprecated API 'validator'"", 'call': 'field_validator', 'context_available': True}, {'type': 'outdated_api', 'detail': ""'field_validator' uses deprecated API 'validator'"", 'call': 'field_validator', 'context_available': True}, {'type': 'outdated_api', 'detail': ""'model_validator' uses deprecated API 'validator'"", 'call': 'model_validator', 'context_available': True}]",,1.0,0.00,0,,,,"Define a Pydantic v2 model with custom validators, computed fields, and JSON schema customization",0,e71e05d58497,,0,45870b017834
hallucination,nia,"[{'type': 'search_failed', 'detail': ''}]",,1.0,0.00,0,,,,Implement SQLAlchemy 2.0 async session with select statements and relationship loading,0,e71e05d58497,,0,5e21e018afc8
hallucination,nia,"[{'type': 'invented_method', 'detail': ""Method 'click.BadParameter' not found in click API"", 'call': 'click.BadParameter', 'context_available': True}, {'type': 'invented_method', 'detail': ""Method 'click.BadParameter' not found in click API"", 'call': 'click.BadParameter', 'context_available': True}, {'type': 'invented_method', 'detail': ""Method 'click.BadParameter' not found in click API"", 'call': 'click.BadParameter', 'context_available': True}, {'type': 'invented_method', 'detail': ""Method 'cl",,1.0,0.00,0,,,,"Create a Click CLI application with nested command groups, options with validation, and rich help text",0,e71e05d58497,,0,be428665add0
hallucination,nia,"[{'type': 'wrong_parameter', 'detail': ""Parameter 'model_name' not valid for ChatOpenAI()"", 'call': 'ChatOpenAI', 'parameter': 'model_name', 'context_available': True}, {'type': 'outdated_api', 'detail': ""'RetrievalQA.from_chain_type' uses deprecated API 'RetrievalQA'"", 'call': 'RetrievalQA.from_chain_type', 'context_available': True}]",,1.0,0.00,0,,,,"Build a LangChain RAG pipeline with document loading, text splitting, vector store, and retrieval chain",0,e71e05d58497,,0,d2ab13268740
hallucination,nia,,,0.0,0.00,0,,,,"Implement a PyTorch training loop with mixed precision, gradient accumulation, and learning rate scheduling",0,e71e05d58497,,0,af9e1e11cf7a
hallucination,nia,"[{'type': 'invented_method', 'detail': ""Method 'stripe.checkout.Session.create' not found in stripe API"", 'call': 'stripe.checkout.Session.create', 'context_available': True}, {'type': 'invented_method', 'detail': ""Method 'stripe.checkout.Session.create' not found in stripe API"", 'call': 'stripe.checkout.Session.create', 'context_available': True}, {'type': 'invented_method', 'detail': ""Method 'stripe.checkout.Session.retrieve' not found in stripe API"", 'call': 'stripe.checkout.Session.retrieve'",,1.0,0.00,0,,,,"Create a Stripe payment integration with checkout sessions, webhooks, and subscription management",0,e71e05d58497,,0,442a0211c153
hallucination,nia,,,0.0,0.00,0,,,,"Build a Next.js App Router page with server components, data fetching, and loading states",0,e71e05d58497,,0,df4bb188f4db
hallucination,nia,,,0.0,0.00,0,,,,"Set up a Tailwind CSS v4 configuration with custom theme, plugins, and dark mode",0,e71e05d58497,,0,10bb1663b63c
hallucination,nia,"[{'type': 'search_failed', 'detail': ''}]",,1.0,0.00,0,,,,"Build a Django 5 REST API with class-based views, custom permissions, and queryset filtering",0,e71e05d58497,,0,7661230a4688
hallucination,nia,,,0.0,0.00,0,,,,"Create a Flask application with Blueprints, custom error handlers, and SQLAlchemy integration",0,e71e05d58497,,0,628a7fea3209
hallucination,nia,,,0.0,0.00,0,,,,"Implement a pandas DataFrame pipeline with method chaining, window functions, and categorical data handling",0,e71e05d58497,,0,528c2b16ddba
hallucination,nia,,,0.0,0.00,0,,,,"Build a NumPy computation pipeline with broadcasting, structured arrays, and random number generation",0,e71e05d58497,,0,ae9e3be36e04
hallucination,nia,,,0.0,0.00,0,,,,"Perform SciPy optimization with constraints, curve fitting, and sparse matrix operations",0,e71e05d58497,,0,4058b8abba1a
hallucination,nia,"[{'type': 'search_failed', 'detail': ''}]",,1.0,0.00,0,,,,"Build a Polars data pipeline with lazy frames, window functions, and expression API",0,e71e05d58497,,0,d386afe20ee8
hallucination,nia,"[{'type': 'wrong_parameter', 'detail': ""Parameter 'strategy' not valid for Pipeline()"", 'call': 'Pipeline', 'parameter': 'strategy', 'context_available': True}, {'type': 'wrong_parameter', 'detail': ""Parameter 'strategy' not valid for Pipeline()"", 'call': 'Pipeline', 'parameter': 'strategy', 'context_available': True}, {'type': 'wrong_parameter', 'detail': ""Parameter 'transformers' not valid for Pipeline()"", 'call': 'Pipeline', 'parameter': 'transformers', 'context_available': True}, {'type': 'w",,1.0,0.00,0,,,,"Train a scikit-learn pipeline with custom transformers, cross-validation, and hyperparameter search",0,e71e05d58497,,0,25fab6152005
hallucination,nia,"[{'type': 'wrong_parameter', 'detail': ""Parameter 'logging_strategy' not valid for TrainingArguments()"", 'call': 'TrainingArguments', 'parameter': 'logging_strategy', 'context_available': True}, {'type': 'wrong_parameter', 'detail': ""Parameter 'metric_for_best_model' not valid for TrainingArguments()"", 'call': 'TrainingArguments', 'parameter': 'metric_for_best_model', 'context_available': True}, {'type': 'wrong_parameter', 'detail': ""Parameter 'greater_is_better' not valid for TrainingArguments(",,1.0,0.00,0,,,,"Fine-tune a HuggingFace Transformers model with the Trainer API, custom data collator, and evaluation metrics",0,e71e05d58497,,0,4a185d3e4ce8
hallucination,nia,"[{'type': 'invented_method', 'detail': ""Method 'Keras' not found in keras API"", 'call': 'Keras', 'context_available': True}, {'type': 'invented_method', 'detail': ""Method 'keras.metrics.Mean' not found in keras API"", 'call': 'keras.metrics.Mean', 'context_available': True}, {'type': 'invented_method', 'detail': ""Method 'keras.metrics.MeanAbsoluteError' not found in keras API"", 'call': 'keras.metrics.MeanAbsoluteError', 'context_available': True}, {'type': 'invented_method', 'detail': ""Method 'ke",,1.0,0.00,0,,,,"Create a Keras 3 model with functional API, custom training step, and multi-backend support",0,e71e05d58497,,0,4b8fb256b9ca
hallucination,nia,"[{'type': 'invented_method', 'detail': ""Method 'asyncio.get_running_loop' not found in asyncio API"", 'call': 'asyncio.get_running_loop', 'context_available': True}, {'type': 'invented_method', 'detail': ""Method 'asyncio.get_running_loop' not found in asyncio API"", 'call': 'asyncio.get_running_loop', 'context_available': True}]",,1.0,0.00,0,,,,"Implement asyncio concurrent tasks with structured concurrency, timeout handling, and cancellation",0,e71e05d58497,,0,bfe98f31898e
hallucination,nia,,,0.0,0.00,0,,,,"Set up a Celery task queue with periodic tasks, result backends, retry policies, and task chaining",0,e71e05d58497,,0,7bf0f4d876c2
hallucination,nia,,,0.0,0.00,0,,,,"Build a Redis cache layer with pipelining, pub/sub messaging, and Lua scripting using redis-py",0,e71e05d58497,,0,2a495d730710
hallucination,nia,,,0.0,0.00,0,,,,"Implement a PyMongo aggregation pipeline with lookup, group, faceted search, and change streams",0,e71e05d58497,,0,62a2a32139f6
hallucination,nia,"[{'type': 'invented_method', 'detail': ""Method 'app.add_typer' not found in typer API"", 'call': 'app.add_typer', 'context_available': True}, {'type': 'invented_method', 'detail': ""Method 'app.add_typer' not found in typer API"", 'call': 'app.add_typer', 'context_available': True}]",,1.0,0.00,0,,,,"Create a Typer CLI application with subcommands, rich help panels, and automatic shell completion",0,e71e05d58497,,0,94863f44bf63
hallucination,nia,"[{'type': 'search_failed', 'detail': ''}]",,1.0,0.00,0,,,,"Build a Rich terminal UI with live display, tables, progress bars, and tree views",0,e71e05d58497,,0,83aca8b82e89
hallucination,nia,"[{'type': 'invented_method', 'detail': ""Method 'structlog.stdlib.PositionalArgumentsFormatter' not found in structlog API"", 'call': 'structlog.stdlib.PositionalArgumentsFormatter', 'context_available': True}, {'type': 'invented_method', 'detail': ""Method 'structlog.processors.TimeStamper' not found in structlog API"", 'call': 'structlog.processors.TimeStamper', 'context_available': True}, {'type': 'invented_method', 'detail': ""Method 'structlog.processors.StackInfoRenderer' not found in structlog",,1.0,0.00,0,,,,"Set up structured logging with structlog including processors, formatters, and context binding",0,e71e05d58497,,0,964b4f9979ab
hallucination,nia,,,0.0,0.00,0,,,,"Create a Loguru logging setup with rotation, serialization, custom sinks, and structured output",0,e71e05d58497,,0,cafb4822d9f1
hallucination,nia,,,0.0,0.00,0,,,,"Build a React 19 application with server components, use hook, and concurrent features",0,e71e05d58497,,0,fcb7e4c93c8b
hallucination,nia,,,0.0,0.00,0,,,,"Implement an Express.js REST API with middleware chain, error handling, and route organization",0,e71e05d58497,,0,91b7c4a0fea3
hallucination,nia,,,0.0,0.00,0,,,,"Create a Prisma schema with relations, middleware, and complex queries using the client",0,e71e05d58497,,0,ea4c896bbe82
hallucination,nia,,,0.0,0.00,0,,,,"Build a Zod schema with complex validation, transforms, and type inference for a TypeScript API",0,e71e05d58497,,0,b8ae933cc76a
hallucination,nia,"[{'type': 'invented_method', 'detail': ""Method 'useInfinitePostsQuery' not found in tanstack-query API"", 'call': 'useInfinitePostsQuery', 'context_available': True}, {'type': 'invented_method', 'detail': ""Method 'queryClient.cancelQueries' not found in tanstack-query API"", 'call': 'queryClient.cancelQueries', 'context_available': True}, {'type': 'invented_method', 'detail': ""Method 'queryKeys.posts.infinite' not found in tanstack-query API"", 'call': 'queryKeys.posts.infinite', 'context_available",,1.0,0.00,0,,,,"Implement TanStack Query v5 with mutations, optimistic updates, and infinite scroll pagination",0,e71e05d58497,,0,db8b88eaf7d3
hallucination,nia,,,0.0,0.00,0,,,,"Build a Starlette ASGI application with WebSocket support, middleware, and background tasks",0,e71e05d58497,,0,6a69e61be9eb
hallucination,nia,,,0.0,0.00,0,,,,"Create an aiohttp web server with WebSocket support, sessions, and middleware",0,e71e05d58497,,0,e0154b907b10
hallucination,nia,,,0.0,0.00,0,,,,"Build a Tornado web application with async request handlers, WebSockets, and coroutine patterns",0,e71e05d58497,,0,b1b220b8e643
hallucination,nia,,,0.0,0.00,0,,,,"Create a Sanic web application with blueprints, streaming, and signal-based middleware",0,e71e05d58497,,0,f708c71b09e4
hallucination,nia,"[{'type': 'invented_method', 'detail': ""Method 'falcon.HTTPUnsupportedMediaType' not found in falcon API"", 'call': 'falcon.HTTPUnsupportedMediaType', 'context_available': True}, {'type': 'invented_method', 'detail': ""Method 'falcon.HTTPUnauthorized' not found in falcon API"", 'call': 'falcon.HTTPUnauthorized', 'context_available': True}]",,1.0,0.00,0,,,,"Build a Falcon REST API with middleware, hooks, responders, and ASGI support",0,e71e05d58497,,0,dcac5fe15e65
hallucination,nia,"[{'type': 'search_failed', 'detail': ''}]",,1.0,0.00,0,,,,"Implement a TensorFlow 2.x model with tf.data pipeline, custom training, and SavedModel export",0,e71e05d58497,,0,f02829a5427c
hallucination,nia,"[{'type': 'invented_method', 'detail': ""Method 'create_dask_dataframe' not found in dask API"", 'call': 'create_dask_dataframe', 'context_available': True}, {'type': 'invented_method', 'detail': ""Method 'dask_array_computation' not found in dask API"", 'call': 'dask_array_computation', 'context_available': True}]",,1.0,0.00,0,,,,"Create a Dask distributed computation with delayed functions, DataFrames, and cluster management",0,e71e05d58497,,0,a9d7f6b6a2e4
hallucination,nia,,,0.0,0.00,0,,,,"Build a Tortoise ORM application with models, relations, and async query building",0,e71e05d58497,,0,a904f84fd3a5
hallucination,nia,,,0.0,0.00,0,,,,"Implement a Peewee ORM application with model definitions, joins, and transaction management",0,e71e05d58497,,0,bf31de04568e
hallucination,nia,,,0.0,0.00,0,,,,"Set up a requests-based HTTP client with session management, authentication, and streaming",0,e71e05d58497,,0,c8c79aac7962
hallucination,nia,"[{'type': 'invented_method', 'detail': ""Method 'create_urllib3_context' not found in urllib3 API"", 'call': 'create_urllib3_context', 'context_available': True}, {'type': 'invented_method', 'detail': ""Method 'urllib3.util.url.parse_url' not found in urllib3 API"", 'call': 'urllib3.util.url.parse_url', 'context_available': True}, {'type': 'invented_method', 'detail': ""Method 'create_urllib3_context' not found in urllib3 API"", 'call': 'create_urllib3_context', 'context_available': True}]",,1.0,0.00,0,,,,"Build a urllib3 connection pool with retries, TLS configuration, and proxy support",0,e71e05d58497,,0,8137ef520fbf
hallucination,nia,"[{'type': 'invented_method', 'detail': ""Method 'gin.CustomRecovery' not found in gin API"", 'call': 'gin.CustomRecovery', 'context_available': True}]",,1.0,0.00,0,,,,"Implement a Gin web server with route groups, middleware, validation, and custom error handling in Go",0,e71e05d58497,,0,93df76e8b40b
hallucination,nia,"[{'type': 'invented_method', 'detail': ""Method 'Echo' not found in echo API"", 'call': 'Echo', 'context_available': True}]",,1.0,0.00,0,,,,"Build an Echo web application with middleware, request binding, and response rendering in Go",0,e71e05d58497,,0,f311ca538c89
hallucination,nia,,,0.0,0.00,0,,,,"Implement a GORM database layer with models, associations, hooks, and scoped queries in Go",0,e71e05d58497,,0,89ff13c7a19c
hallucination,nia,"[{'type': 'invented_method', 'detail': ""Method 'web' not found in actix-web API"", 'call': 'web', 'context_available': True}]",,1.0,0.00,0,,,,"Build an Actix-web server with extractors, middleware, state management, and error handling in Rust",0,e71e05d58497,,0,d13c5fb7dc0f
hallucination,nia,,,0.0,0.00,0,,,,"Implement a Tokio async runtime with channels, select, timers, and spawned tasks in Rust",0,e71e05d58497,,0,a877901aad4d
hallucination,nia,"[{'type': 'search_failed', 'detail': ''}]",,1.0,0.00,0,,,,"Build a Serde serialization layer with custom derive, field attributes, and format support in Rust",0,e71e05d58497,,0,01aefcb9df02
hallucination,nia,,,0.0,0.00,0,,,,"Implement a Django REST Framework API with serializers, viewsets, permissions, and pagination",0,e71e05d58497,,0,071472766fae
hallucination,nia,,,0.0,0.00,0,,,,"Create a Dramatiq task queue with actors, middleware, results backend, and rate limiting",0,e71e05d58497,,0,e8b9b75046d6
hallucination,nia,,,0.0,0.00,0,,,,"Build an RQ (Redis Queue) worker setup with job scheduling, failure handling, and monitoring",0,e71e05d58497,,0,e43007aea739
hallucination,nia,,,0.0,0.00,0,,,,"Set up a Django 5 model layer with custom managers, querysets, signals, and migration operations",0,e71e05d58497,,0,6c29ab93f3b2
hallucination,nia,,,0.0,0.00,0,,,,"Build a multi-step LangChain agent with tool calling, memory, and structured output",0,e71e05d58497,,0,ca9f9a25696e
hallucination,nia,,,0.0,0.00,0,,,,"Create a FastAPI application with OAuth2 authentication, dependency injection, and background tasks",0,e71e05d58497,,0,37ec6f5e760b
hallucination,nia,"[{'type': 'invented_method', 'detail': ""Method 'Settings' not found in pydantic-settings API"", 'call': 'Settings', 'context_available': True}]",,1.0,0.00,0,,,,Implement a complex Pydantic v2 settings management with environment variable parsing and nested configs,0,e71e05d58497,,0,82a6c9eaae00
hallucination,nia,,,0.0,0.00,0,,,,"Build a PyTorch Lightning training module with callbacks, logging, and distributed training",0,e71e05d58497,,0,4826156cdad4
hallucination,nia,"[{'type': 'invented_method', 'detail': ""Method 'next' not found in next API"", 'call': 'next', 'context_available': True}, {'type': 'invented_method', 'detail': ""Method 'next' not found in next API"", 'call': 'next', 'context_available': True}]",,1.0,0.00,0,,,,"Build a Next.js API route handler with middleware, streaming responses, and server actions",0,e71e05d58497,,0,a5b81cc12b61
hallucination,nia,"[{'type': 'invented_method', 'detail': ""Method 'pytest.mark.parametrize' not found in pytest API"", 'call': 'pytest.mark.parametrize', 'context_available': True}]",,1.0,0.00,0,,,,"Create a comprehensive test suite with pytest including fixtures, parametrize, mocking, and async tests",0,e71e05d58497,,0,c0bf8a8774d0
hallucination,nia,"[{'type': 'invented_method', 'detail': ""Method 'generate_mypy_config' not found in mypy API"", 'call': 'generate_mypy_config', 'context_available': True}, {'type': 'invented_method', 'detail': ""Method 'generate_pyproject_mypy_config' not found in mypy API"", 'call': 'generate_pyproject_mypy_config', 'context_available': True}]",,1.0,0.00,0,,,,"Set up a comprehensive mypy type checking configuration with plugins, overrides, and strict mode",0,e71e05d58497,,0,022ffdef8102
hallucination,nia,,,0.0,0.00,0,,,,"Build a SQLAlchemy 2.0 model with hybrid properties, custom types, and event listeners",0,e71e05d58497,,0,eb93c5545780
hallucination,nia,"[{'type': 'invented_method', 'detail': ""Method 'generate_docker_compose_setup' not found in docker-compose API"", 'call': 'generate_docker_compose_setup', 'context_available': True}]",,1.0,0.00,0,,,,"Implement a complete Docker Compose setup with multi-stage builds, health checks, and network configuration",0,e71e05d58497,,0,c8ae80387f6e
hallucination,nia,"[{'type': 'invented_method', 'detail': ""Method 'create_kubernetes_manifests' not found in kubernetes API"", 'call': 'create_kubernetes_manifests', 'context_available': True}, {'type': 'invented_method', 'detail': ""Method 'create_kubernetes_manifests' not found in kubernetes API"", 'call': 'create_kubernetes_manifests', 'context_available': True}]",,1.0,0.00,0,,,,"Create a Kubernetes deployment manifest with rolling updates, resource limits, probes, and autoscaling",0,e71e05d58497,,0,00f74a33251a
hallucination,nia,"[{'type': 'invented_method', 'detail': ""Method 'CleanWebpackPlugin' not found in webpack API"", 'call': 'CleanWebpackPlugin', 'context_available': True}, {'type': 'invented_method', 'detail': ""Method 'webpack.ProgressPlugin' not found in webpack API"", 'call': 'webpack.ProgressPlugin', 'context_available': True}, {'type': 'invented_method', 'detail': ""Method 'webpack.EnvironmentPlugin' not found in webpack API"", 'call': 'webpack.EnvironmentPlugin', 'context_available': True}]",,1.0,0.00,0,,,,"Build a Webpack 5 configuration with code splitting, module federation, and asset optimization",0,e71e05d58497,,0,51e0c7a3b891
hallucination,nia,,,0.0,0.00,0,,,,"Create a Matplotlib visualization with subplots, custom styling, annotations, and interactive features",0,e71e05d58497,,0,6fae193c3a3f
hallucination,nia,,,0.0,0.00,0,,,,"Build a Plotly interactive dashboard with subplots, animations, and custom themes",0,e71e05d58497,,0,39d6a31a68ae
hallucination,nia,,,0.0,0.00,0,,,,"Create a Seaborn statistical visualization with faceted plots, regression, and custom palettes",0,e71e05d58497,,0,b18f068d53cd
hallucination,nia,,,0.0,0.00,0,,,,Implement a Celery beat scheduler with timezone-aware periodic tasks and dynamic scheduling,0,e71e05d58497,,0,00712f052550
hallucination,nia,"[{'type': 'wrong_parameter', 'detail': ""Parameter 'url' not valid for context.configure()"", 'call': 'context.configure', 'parameter': 'url', 'context_available': True}, {'type': 'wrong_parameter', 'detail': ""Parameter 'literal_binds' not valid for context.configure()"", 'call': 'context.configure', 'parameter': 'literal_binds', 'context_available': True}, {'type': 'wrong_parameter', 'detail': ""Parameter 'dialect_opts' not valid for context.configure()"", 'call': 'context.configure', 'parameter': '",,1.0,0.00,0,,,,"Build a comprehensive Alembic migration setup with auto-generation, batch operations, and data migrations",0,e71e05d58497,,0,1b0dddbfdd54
hallucination,nia,"[{'type': 'wrong_parameter', 'detail': ""Parameter 'only' not valid for fields.Nested()"", 'call': 'fields.Nested', 'parameter': 'only', 'context_available': True}, {'type': 'wrong_parameter', 'detail': ""Parameter 'exclude' not valid for fields.Nested()"", 'call': 'fields.Nested', 'parameter': 'exclude', 'context_available': True}]",,1.0,0.00,0,,,,"Implement a Marshmallow schema with nested objects, custom fields, and two-way serialization",0,e71e05d58497,,0,0549ccc2a29a
hallucination,nia,,,0.0,0.00,0,,,,"Create a comprehensive AWS Boto3 setup for S3 operations with presigned URLs, multipart upload, and lifecycle rules",0,e71e05d58497,,0,ac5367ccaf19
hallucination,nia,"[{'type': 'invented_method', 'detail': ""Method 'initialize_firestore' not found in google-cloud-firestore API"", 'call': 'initialize_firestore', 'context_available': True}, {'type': 'invented_method', 'detail': ""Method 'firestore.client' not found in google-cloud-firestore API"", 'call': 'firestore.client', 'context_available': True}, {'type': 'invented_method', 'detail': ""Method 'initialize_firestore' not found in google-cloud-firestore API"", 'call': 'initialize_firestore', 'context_available': T",,1.0,0.00,0,,,,"Implement Google Cloud Firestore operations with transactions, batch writes, and real-time listeners",0,e71e05d58497,,0,6fad9230f3d1
hallucination,nia,"[{'type': 'invented_method', 'detail': ""Method 'Celery' not found in celery API"", 'call': 'Celery', 'context_available': True}]",,1.0,0.00,0,,,,"Build a Celery task with custom serializers, priority queues, and canvas workflows",0,e71e05d58497,,0,4a9d72b432bd
hallucination,nia,,,0.0,0.00,0,,,,"Create an OpenAI API integration with chat completions, function calling, streaming, and embeddings",0,e71e05d58497,,0,32f399638a92
hallucination,nia,,,0.0,0.00,0,,,,"Build a Anthropic Claude integration with streaming, tool use, and multi-turn conversations",0,e71e05d58497,,0,2d5c5aa8b802
hallucination,nia,"[{'type': 'invented_method', 'detail': ""Method 'supabase.auth.sign_up' not found in supabase API"", 'call': 'supabase.auth.sign_up', 'context_available': True}, {'type': 'invented_method', 'detail': ""Method 'supabase.auth.sign_in_with_password' not found in supabase API"", 'call': 'supabase.auth.sign_in_with_password', 'context_available': True}, {'type': 'invented_method', 'detail': ""Method 'supabase.auth.sign_in_with_oauth' not found in supabase API"", 'call': 'supabase.auth.sign_in_with_oauth', ",,1.0,0.00,0,,,,"Implement a Supabase backend with auth, real-time subscriptions, storage, and edge functions",0,e71e05d58497,,0,df235d54c4bf
hallucination,nia,"[{'type': 'invented_method', 'detail': ""Method 'generate_github_actions_workflow' not found in github-actions API"", 'call': 'generate_github_actions_workflow', 'context_available': True}]",,1.0,0.00,0,,,,"Build a comprehensive GitHub Actions workflow with matrix strategy, caching, artifacts, and reusable workflows",0,e71e05d58497,,0,f88c478265e8
hallucination,nia,"[{'type': 'invented_method', 'detail': ""Method 'create_terraform_infrastructure' not found in terraform API"", 'call': 'create_terraform_infrastructure', 'context_available': True}]",,1.0,0.00,0,,,,"Create a Terraform infrastructure configuration with modules, state management, and provider configuration",0,e71e05d58497,,0,bc516472f36d
hallucination,nia,,,0.0,0.00,0,,,,"Implement a Svelte 5 component with runes, snippets, and fine-grained reactivity",0,e71e05d58497,,0,b55d7b8f8f55
hallucination,nia,"[{'type': 'invented_method', 'detail': ""Method 'generate_vue3_app' not found in vue API"", 'call': 'generate_vue3_app', 'context_available': True}]",,1.0,0.00,0,,,,"Build a Vue 3 application with Composition API, Pinia store, and Vue Router 4",0,e71e05d58497,,0,afbfa94fb543
hallucination,nia,"[{'type': 'invented_method', 'detail': ""Method 'generate_angular_app' not found in angular API"", 'call': 'generate_angular_app', 'context_available': True}]",,1.0,0.00,0,,,,"Create an Angular 17 application with signals, standalone components, and new control flow",0,e71e05d58497,,0,55e6c1d73095
hallucination,nia,,,0.0,0.00,0,,,,"Build a GraphQL API with Strawberry framework including subscriptions, dataloaders, and authentication",0,e71e05d58497,,0,290e038bc5d1
hallucination,nia,,,0.0,0.00,0,,,,"Create a comprehensive Pillow image processing pipeline with filters, compositing, and format conversion",0,e71e05d58497,,0,af203b6a82e0
hallucination,nia,,,0.0,0.00,0,,,,Implement a comprehensive Arrow/Parquet data pipeline with PyArrow for columnar data processing,0,e71e05d58497,,0,ea005eb41b86
hallucination,nia,"[{'type': 'invented_method', 'detail': ""Method 'RSACryptography' not found in cryptography API"", 'call': 'RSACryptography', 'context_available': True}]",,1.0,0.00,0,,,,"Build a comprehensive cryptography setup with Fernet encryption, RSA key pairs, and certificate generation",0,e71e05d58497,,0,d2fa4fdb7768
hallucination,nia,,,0.0,0.00,0,,,,"Create an Elasticsearch query with aggregations, highlighting, and suggesters using elasticsearch-py",0,e71e05d58497,,0,da28c891e900
hallucination,nia,,,0.0,0.00,0,,,,"Implement a comprehensive GraphQL server with Ariadne including schema-first design, subscriptions, and uploads",0,e71e05d58497,,0,d382993b4a64
hallucination,nia,,,0.0,0.00,0,,,,"Build a comprehensive Airflow DAG with task dependencies, sensors, hooks, and dynamic task mapping",0,e71e05d58497,,0,d2f04a73b360
hallucination,nia,"[{'type': 'wrong_parameter', 'detail': ""Parameter 'hours' not valid for task()"", 'call': 'task', 'parameter': 'hours', 'context_available': True}, {'type': 'wrong_parameter', 'detail': ""Parameter 'minutes' not valid for task()"", 'call': 'task', 'parameter': 'minutes', 'context_available': True}]",,1.0,0.00,0,,,,"Create a comprehensive Prefect 2 flow with tasks, retries, caching, and deployment configuration",0,e71e05d58497,,0,a0398a534cdc
hallucination,nia,"[{'type': 'invented_method', 'detail': ""Method 'GRPCError' not found in grpc API"", 'call': 'GRPCError', 'context_available': True}, {'type': 'invented_method', 'detail': ""Method 'grpc.unary_unary_rpc_method_handler' not found in grpc API"", 'call': 'grpc.unary_unary_rpc_method_handler', 'context_available': True}, {'type': 'invented_method', 'detail': ""Method 'grpc.unary_stream_rpc_method_handler' not found in grpc API"", 'call': 'grpc.unary_stream_rpc_method_handler', 'context_available': True}, ",,1.0,0.00,0,,,,"Implement a comprehensive gRPC service with protobuf, streaming, interceptors, and health checks in Python",0,e71e05d58497,,0,27c80757ab15
hallucination,nia,,,0.0,0.00,0,,,,"Build a FastAPI WebSocket server with connection management, broadcasting, and heartbeat",0,e71e05d58497,,0,0c958f6f8ac7
hallucination,nia,,,0.0,0.00,0,,,,"Create a SQLModel application with models, relationships, and async database operations",0,e71e05d58497,,0,e5b08774f339
hallucination,nia,"[{'type': 'invented_method', 'detail': ""Method 'create_tauri_app' not found in tauri API"", 'call': 'create_tauri_app', 'context_available': True}]",,1.0,0.00,0,,,,"Build a Tauri desktop application with commands, state management, and event system using Rust backend",0,e71e05d58497,,0,a8995837458f
hallucination,nia,"[{'type': 'invented_method', 'detail': ""Method 'pytest.fixture' not found in pytest-bdd API"", 'call': 'pytest.fixture', 'context_available': True}, {'type': 'wrong_parameter', 'detail': ""Parameter 'target_fixture' not valid for when()"", 'call': 'when', 'parameter': 'target_fixture', 'context_available': True}]",,1.0,0.00,0,,,,"Implement a comprehensive Pytest-BDD test suite with scenarios, step definitions, and fixtures",0,e71e05d58497,,0,ed128e7b47c1
hallucination,nia,"[{'type': 'wrong_parameter', 'detail': ""Parameter 'output_type' not valid for Agent()"", 'call': 'Agent', 'parameter': 'output_type', 'context_available': True}, {'type': 'wrong_parameter', 'detail': ""Parameter 'instructions' not valid for Agent()"", 'call': 'Agent', 'parameter': 'instructions', 'context_available': True}, {'type': 'invented_method', 'detail': ""Method 'response.raise_for_status' not found in pydantic-ai API"", 'call': 'response.raise_for_status', 'context_available': True}]",,1.0,0.00,0,,,,"Create a Pydantic AI agent with tool definitions, structured output, and retry handling",0,e71e05d58497,,0,0acf7c071600
hallucination,nia,"[{'type': 'invented_method', 'detail': ""Method 'results.append' not found in re API"", 'call': 'results.append', 'context_available': True}, {'type': 'invented_method', 'detail': ""Method 'extract_currencies' not found in re API"", 'call': 'extract_currencies', 'context_available': True}]",,1.0,0.00,0,,,,"Build a comprehensive Regex pattern matching pipeline with named groups, lookahead, and Unicode support",0,e71e05d58497,,0,3a1e38759d0c
hallucination,nia,"[{'type': 'wrong_parameter', 'detail': ""Parameter 'gt' not valid for Field()"", 'call': 'Field', 'parameter': 'gt', 'context_available': True}]",,1.0,0.00,0,,,,"Create a Pydantic dataclass with field aliases, discriminated unions, and custom JSON encoders",0,e71e05d58497,,0,b59c4fea6ce9
hallucination,nia,"[{'type': 'invented_method', 'detail': ""Method 'django.setup' not found in django-htmx API"", 'call': 'django.setup', 'context_available': True}]",,1.0,0.00,0,,,,Implement a complete HTMX-powered Django application with server-sent events and WebSocket fallback,0,e71e05d58497,,0,a3918a115b6d
hallucination,nia,"[{'type': 'invented_method', 'detail': ""Method 'NeonConnectionPool' not found in neon API"", 'call': 'NeonConnectionPool', 'context_available': True}]",,1.0,0.00,0,,,,"Build a Neon serverless Postgres application with connection pooling, branching, and edge functions",0,e71e05d58497,,0,bc94fd3abdb4
hallucination,nia,"[{'type': 'invented_method', 'detail': ""Method 'generate_trpc_setup' not found in trpc API"", 'call': 'generate_trpc_setup', 'context_available': True}]",,1.0,0.00,0,,,,"Create a comprehensive tRPC API with routers, middleware, subscriptions, and React integration",0,e71e05d58497,,0,1c93088e997b
hallucination,context7,,,0.0,0.00,0,,,,Create a FastAPI endpoint that accepts a JSON body with nested Pydantic models and returns a validated response,0,e71e05d58497,,0,064c23df4eb3
hallucination,context7,,,0.0,0.00,0,,,,"Set up an async HTTPX client with custom timeout, retry logic, and connection pooling",0,e71e05d58497,,0,274be3b24c39
hallucination,context7,"[{'type': 'outdated_api', 'detail': ""'field_validator' uses deprecated API 'validator'"", 'call': 'field_validator', 'context_available': True}, {'type': 'outdated_api', 'detail': ""'field_validator' uses deprecated API 'validator'"", 'call': 'field_validator', 'context_available': True}, {'type': 'outdated_api', 'detail': ""'field_validator' uses deprecated API 'validator'"", 'call': 'field_validator', 'context_available': True}, {'type': 'outdated_api', 'detail': ""'field_validator' uses deprecated ",,1.0,0.00,0,,,,"Define a Pydantic v2 model with custom validators, computed fields, and JSON schema customization",0,e71e05d58497,,0,b14b29f9664b
hallucination,context7,,,0.0,0.00,0,,,,Implement SQLAlchemy 2.0 async session with select statements and relationship loading,0,e71e05d58497,,0,ad0c1c06b6b1
hallucination,context7,"[{'type': 'invented_method', 'detail': ""Method 'click.BadParameter' not found in click API"", 'call': 'click.BadParameter', 'context_available': True}, {'type': 'invented_method', 'detail': ""Method 'click.BadParameter' not found in click API"", 'call': 'click.BadParameter', 'context_available': True}, {'type': 'invented_method', 'detail': ""Method 'click.version_option' not found in click API"", 'call': 'click.version_option', 'context_available': True}]",,1.0,0.00,0,,,,"Create a Click CLI application with nested command groups, options with validation, and rich help text",0,e71e05d58497,,0,bda91a026857
hallucination,context7,"[{'type': 'wrong_parameter', 'detail': ""Parameter 'openai_api_key' not valid for ChatOpenAI()"", 'call': 'ChatOpenAI', 'parameter': 'openai_api_key', 'context_available': True}]",,1.0,0.00,0,,,,"Build a LangChain RAG pipeline with document loading, text splitting, vector store, and retrieval chain",0,e71e05d58497,,0,ad42b6519c96
hallucination,context7,,,0.0,0.00,0,,,,"Implement a PyTorch training loop with mixed precision, gradient accumulation, and learning rate scheduling",0,e71e05d58497,,0,b0d0cd53363a
hallucination,context7,"[{'type': 'invented_method', 'detail': ""Method 'stripe.StripeClient' not found in stripe API"", 'call': 'stripe.StripeClient', 'context_available': True}, {'type': 'invented_method', 'detail': ""Method 'stripe.checkout.Session.create' not found in stripe API"", 'call': 'stripe.checkout.Session.create', 'context_available': True}, {'type': 'invented_method', 'detail': ""Method 'stripe.Webhook.construct_event' not found in stripe API"", 'call': 'stripe.Webhook.construct_event', 'context_available': Tru",,1.0,0.00,0,,,,"Create a Stripe payment integration with checkout sessions, webhooks, and subscription management",0,e71e05d58497,,0,63797231f5c4
hallucination,context7,"[{'type': 'invented_method', 'detail': ""Method 'create_nextjs_app_router_files' not found in next API"", 'call': 'create_nextjs_app_router_files', 'context_available': True}, {'type': 'invented_method', 'detail': ""Method 'create_nextjs_app_router_files' not found in next API"", 'call': 'create_nextjs_app_router_files', 'context_available': True}]",,1.0,0.00,0,,,,"Build a Next.js App Router page with server components, data fetching, and loading states",0,e71e05d58497,,0,62fc52fdaf98
hallucination,context7,,,0.0,0.00,0,,,,"Set up a Tailwind CSS v4 configuration with custom theme, plugins, and dark mode",0,e71e05d58497,,0,eefee341d394
hallucination,context7,"[{'type': 'wrong_parameter', 'detail': ""Parameter 'author' not valid for Q()"", 'call': 'Q', 'parameter': 'author', 'context_available': True}, {'type': 'wrong_parameter', 'detail': ""Parameter 'content__icontains' not valid for Q()"", 'call': 'Q', 'parameter': 'content__icontains', 'context_available': True}]",,1.0,0.00,0,,,,"Build a Django 5 REST API with class-based views, custom permissions, and queryset filtering",0,e71e05d58497,,0,55638aba5571
hallucination,context7,,,0.0,0.00,0,,,,"Create a Flask application with Blueprints, custom error handlers, and SQLAlchemy integration",0,e71e05d58497,,0,3e0959fc4c64
hallucination,context7,,,0.0,0.00,0,,,,"Implement a pandas DataFrame pipeline with method chaining, window functions, and categorical data handling",0,e71e05d58497,,0,ced0f69dbc1d
hallucination,context7,,,0.0,0.00,0,,,,"Build a NumPy computation pipeline with broadcasting, structured arrays, and random number generation",0,e71e05d58497,,0,cd72f22dd2c7
hallucination,context7,,,0.0,0.00,0,,,,"Perform SciPy optimization with constraints, curve fitting, and sparse matrix operations",0,e71e05d58497,,0,8ff99c129b71
hallucination,context7,,,0.0,0.00,0,,,,"Build a Polars data pipeline with lazy frames, window functions, and expression API",0,e71e05d58497,,0,af8c292968bd
hallucination,context7,"[{'type': 'wrong_parameter', 'detail': ""Parameter 'n_std' not valid for Pipeline()"", 'call': 'Pipeline', 'parameter': 'n_std', 'context_available': True}]",,1.0,0.00,0,,,,"Train a scikit-learn pipeline with custom transformers, cross-validation, and hyperparameter search",0,e71e05d58497,,0,d0b2639342fb
hallucination,context7,"[{'type': 'wrong_parameter', 'detail': ""Parameter 'warmup_steps' not valid for TrainingArguments()"", 'call': 'TrainingArguments', 'parameter': 'warmup_steps', 'context_available': True}, {'type': 'wrong_parameter', 'detail': ""Parameter 'logging_dir' not valid for TrainingArguments()"", 'call': 'TrainingArguments', 'parameter': 'logging_dir', 'context_available': True}, {'type': 'wrong_parameter', 'detail': ""Parameter 'eval_steps' not valid for TrainingArguments()"", 'call': 'TrainingArguments', 'p",,1.0,0.00,0,,,,"Fine-tune a HuggingFace Transformers model with the Trainer API, custom data collator, and evaluation metrics",0,e71e05d58497,,0,3b338ae667eb
hallucination,context7,"[{'type': 'invented_method', 'detail': ""Method 'keras' not found in keras API"", 'call': 'keras', 'context_available': True}, {'type': 'invented_method', 'detail': ""Method 'keras.metrics.Mean' not found in keras API"", 'call': 'keras.metrics.Mean', 'context_available': True}, {'type': 'invented_method', 'detail': ""Method 'keras.metrics.CategoricalAccuracy' not found in keras API"", 'call': 'keras.metrics.CategoricalAccuracy', 'context_available': True}, {'type': 'invented_method', 'detail': ""Method",,1.0,0.00,0,,,,"Create a Keras 3 model with functional API, custom training step, and multi-backend support",0,e71e05d58497,,0,d71c4cb13a6c
hallucination,context7,"[{'type': 'invented_method', 'detail': ""Method 'asyncio.as_completed' not found in asyncio API"", 'call': 'asyncio.as_completed', 'context_available': True}]",,1.0,0.00,0,,,,"Implement asyncio concurrent tasks with structured concurrency, timeout handling, and cancellation",0,e71e05d58497,,0,e9ad4eea9043
hallucination,context7,,,0.0,0.00,0,,,,"Set up a Celery task queue with periodic tasks, result backends, retry policies, and task chaining",0,e71e05d58497,,0,f2e8b2608791
hallucination,context7,"[{'type': 'invented_method', 'detail': ""Method 'redis.call' not found in redis-py API"", 'call': 'redis.call', 'context_available': True}, {'type': 'invented_method', 'detail': ""Method 'redis.call' not found in redis-py API"", 'call': 'redis.call', 'context_available': True}, {'type': 'invented_method', 'detail': ""Method 'redis.call' not found in redis-py API"", 'call': 'redis.call', 'context_available': True}, {'type': 'invented_method', 'detail': ""Method 'redis.call' not found in redis-py API"", '",,1.0,0.00,0,,,,"Build a Redis cache layer with pipelining, pub/sub messaging, and Lua scripting using redis-py",0,e71e05d58497,,0,f512b5f1a87c
hallucination,context7,,,0.0,0.00,0,,,,"Implement a PyMongo aggregation pipeline with lookup, group, faceted search, and change streams",0,e71e05d58497,,0,d052a372c034
hallucination,context7,"[{'type': 'invented_method', 'detail': ""Method 'app.add_typer' not found in typer API"", 'call': 'app.add_typer', 'context_available': True}, {'type': 'invented_method', 'detail': ""Method 'app.add_typer' not found in typer API"", 'call': 'app.add_typer', 'context_available': True}, {'type': 'invented_method', 'detail': ""Method 'app.add_typer' not found in typer API"", 'call': 'app.add_typer', 'context_available': True}]",,1.0,0.00,0,,,,"Create a Typer CLI application with subcommands, rich help panels, and automatic shell completion",0,e71e05d58497,,0,4e0f9acaac21
hallucination,context7,"[{'type': 'wrong_parameter', 'detail': ""Parameter 'highlight' not valid for Table()"", 'call': 'Table', 'parameter': 'highlight', 'context_available': True}, {'type': 'wrong_parameter', 'detail': ""Parameter 'header_style' not valid for Table()"", 'call': 'Table', 'parameter': 'header_style', 'context_available': True}, {'type': 'wrong_parameter', 'detail': ""Parameter 'header_style' not valid for Table()"", 'call': 'Table', 'parameter': 'header_style', 'context_available': True}]",,1.0,0.00,0,,,,"Build a Rich terminal UI with live display, tables, progress bars, and tree views",0,e71e05d58497,,0,efb698ef0c8b
hallucination,context7,"[{'type': 'invented_method', 'detail': ""Method 'structlog.stdlib.PositionalArgumentsFormatter' not found in structlog API"", 'call': 'structlog.stdlib.PositionalArgumentsFormatter', 'context_available': True}, {'type': 'invented_method', 'detail': ""Method 'structlog.processors.TimeStamper' not found in structlog API"", 'call': 'structlog.processors.TimeStamper', 'context_available': True}, {'type': 'invented_method', 'detail': ""Method 'structlog.processors.StackInfoRenderer' not found in structlog",,1.0,0.00,0,,,,"Set up structured logging with structlog including processors, formatters, and context binding",0,e71e05d58497,,0,afa80ae90f52
hallucination,context7,,,0.0,0.00,0,,,,"Create a Loguru logging setup with rotation, serialization, custom sinks, and structured output",0,e71e05d58497,,0,c6d1bb4b8907
hallucination,context7,"[{'type': 'invented_method', 'detail': ""Method 'ReactDOMClient.createRoot' not found in react API"", 'call': 'ReactDOMClient.createRoot', 'context_available': True}, {'type': 'invented_method', 'detail': ""Method 'ReactDOMClient.createRoot' not found in react API"", 'call': 'ReactDOMClient.createRoot', 'context_available': True}]",,1.0,0.00,0,,,,"Build a React 19 application with server components, use hook, and concurrent features",0,e71e05d58497,,0,13ce9089309c
hallucination,context7,"[{'type': 'invented_method', 'detail': ""Method 'Express.js' not found in express API"", 'call': 'Express.js', 'context_available': True}]",,1.0,0.00,0,,,,"Implement an Express.js REST API with middleware chain, error handling, and route organization",0,e71e05d58497,,0,712476a4e50c
hallucination,context7,"[{'type': 'invented_method', 'detail': ""Method 'Prisma' not found in prisma API"", 'call': 'Prisma', 'context_available': True}]",,1.0,0.00,0,,,,"Create a Prisma schema with relations, middleware, and complex queries using the client",0,e71e05d58497,,0,7b27aefcb85b
hallucination,context7,,,0.0,0.00,0,,,,"Build a Zod schema with complex validation, transforms, and type inference for a TypeScript API",0,e71e05d58497,,0,20cacaae637a
hallucination,context7,"[{'type': 'invented_method', 'detail': ""Method 'set_query_data' not found in tanstack-query API"", 'call': 'set_query_data', 'context_available': True}, {'type': 'invented_method', 'detail': ""Method 'self._query_cache.get' not found in tanstack-query API"", 'call': 'self._query_cache.get', 'context_available': True}, {'type': 'invented_method', 'detail': ""Method 'get_query_data' not found in tanstack-query API"", 'call': 'get_query_data', 'context_available': True}, {'type': 'invented_method', 'det",,1.0,0.00,0,,,,"Implement TanStack Query v5 with mutations, optimistic updates, and infinite scroll pagination",0,e71e05d58497,,0,eb8383564452
hallucination,context7,,,0.0,0.00,0,,,,"Build a Starlette ASGI application with WebSocket support, middleware, and background tasks",0,e71e05d58497,,0,3c3d12caef17
hallucination,context7,,,0.0,0.00,0,,,,"Create an aiohttp web server with WebSocket support, sessions, and middleware",0,e71e05d58497,,0,764bc38c8c91
hallucination,context7,,,0.0,0.00,0,,,,"Build a Tornado web application with async request handlers, WebSockets, and coroutine patterns",0,e71e05d58497,,0,1224b0ab3008
hallucination,context7,"[{'type': 'invented_method', 'detail': ""Method 'sanic_json' not found in sanic API"", 'call': 'sanic_json', 'context_available': True}, {'type': 'invented_method', 'detail': ""Method 'sanic_json' not found in sanic API"", 'call': 'sanic_json', 'context_available': True}, {'type': 'invented_method', 'detail': ""Method 'sanic_json' not found in sanic API"", 'call': 'sanic_json', 'context_available': True}, {'type': 'invented_method', 'detail': ""Method 'sanic_json' not found in sanic API"", 'call': 'sani",,1.0,0.00,0,,,,"Create a Sanic web application with blueprints, streaming, and signal-based middleware",0,e71e05d58497,,0,53a59977b69c
hallucination,context7,"[{'type': 'invented_method', 'detail': ""Method 'falcon.HTTPUnauthorized' not found in falcon API"", 'call': 'falcon.HTTPUnauthorized', 'context_available': True}, {'type': 'invented_method', 'detail': ""Method 'falcon.HTTPForbidden' not found in falcon API"", 'call': 'falcon.HTTPForbidden', 'context_available': True}]",,1.0,0.00,0,,,,"Build a Falcon REST API with middleware, hooks, responders, and ASGI support",0,e71e05d58497,,0,a2981dedd22b
hallucination,context7,"[{'type': 'wrong_parameter', 'detail': ""Parameter 'shape' not valid for tf.function()"", 'call': 'tf.function', 'parameter': 'shape', 'context_available': True}, {'type': 'wrong_parameter', 'detail': ""Parameter 'dtype' not valid for tf.function()"", 'call': 'tf.function', 'parameter': 'dtype', 'context_available': True}]",,1.0,0.00,0,,,,"Implement a TensorFlow 2.x model with tf.data pipeline, custom training, and SavedModel export",0,e71e05d58497,,0,8c922cc174c5
hallucination,context7,,,0.0,0.00,0,,,,"Create a Dask distributed computation with delayed functions, DataFrames, and cluster management",0,e71e05d58497,,0,943deaedceda
hallucination,context7,,,0.0,0.00,0,,,,"Build a Tortoise ORM application with models, relations, and async query building",0,e71e05d58497,,0,605bea00118a
hallucination,context7,,,0.0,0.00,0,,,,"Implement a Peewee ORM application with model definitions, joins, and transaction management",0,e71e05d58497,,0,185189ed1cea
hallucination,context7,"[{'type': 'wrong_parameter', 'detail': ""Parameter 'dict' not valid for get()"", 'call': 'get', 'parameter': 'dict', 'context_available': True}]",,1.0,0.00,0,,,,"Set up a requests-based HTTP client with session management, authentication, and streaming",0,e71e05d58497,,0,d9740aa7104a
hallucination,context7,"[{'type': 'invented_method', 'detail': ""Method 'create_urllib3_context' not found in urllib3 API"", 'call': 'create_urllib3_context', 'context_available': True}, {'type': 'wrong_parameter', 'detail': ""Parameter 'raise_on_redirect' not valid for Retry()"", 'call': 'Retry', 'parameter': 'raise_on_redirect', 'context_available': True}, {'type': 'wrong_parameter', 'detail': ""Parameter 'respect_retry_after_header' not valid for Retry()"", 'call': 'Retry', 'parameter': 'respect_retry_after_header', 'cont",,1.0,0.00,0,,,,"Build a urllib3 connection pool with retries, TLS configuration, and proxy support",0,e71e05d58497,,0,8088ec60cd67
hallucination,context7,"[{'type': 'invented_method', 'detail': ""Method 'login' not found in gin API"", 'call': 'login', 'context_available': True}]",,1.0,0.00,0,,,,"Implement a Gin web server with route groups, middleware, validation, and custom error handling in Go",0,e71e05d58497,,0,a5e56950478e
hallucination,context7,,,0.0,0.00,0,,,,"Build an Echo web application with middleware, request binding, and response rendering in Go",0,e71e05d58497,,0,1200c45c26e8
hallucination,context7,,,0.0,0.00,0,,,,"Implement a GORM database layer with models, associations, hooks, and scoped queries in Go",0,e71e05d58497,,0,7e40104cfc79
hallucination,context7,,,0.0,0.00,0,,,,"Build an Actix-web server with extractors, middleware, state management, and error handling in Rust",0,e71e05d58497,,0,288a646f755c
hallucination,context7,,,0.0,0.00,0,,,,"Implement a Tokio async runtime with channels, select, timers, and spawned tasks in Rust",0,e71e05d58497,,0,1917ae1923fc
hallucination,context7,"[{'type': 'invented_method', 'detail': ""Method 'serde' not found in serde API"", 'call': 'serde', 'context_available': True}, {'type': 'invented_method', 'detail': ""Method 'serde' not found in serde API"", 'call': 'serde', 'context_available': True}, {'type': 'invented_method', 'detail': ""Method 'serde' not found in serde API"", 'call': 'serde', 'context_available': True}, {'type': 'invented_method', 'detail': ""Method 'serde' not found in serde API"", 'call': 'serde', 'context_available': True}, {'t",,1.0,0.00,0,,,,"Build a Serde serialization layer with custom derive, field attributes, and format support in Rust",0,e71e05d58497,,0,f570c7430e35
hallucination,context7,,,0.0,0.00,0,,,,"Implement a Django REST Framework API with serializers, viewsets, permissions, and pagination",0,e71e05d58497,,0,eeed32959e78
hallucination,context7,,,0.0,0.00,0,,,,"Create a Dramatiq task queue with actors, middleware, results backend, and rate limiting",0,e71e05d58497,,0,0e4e12b68f4f
hallucination,context7,,,0.0,0.00,0,,,,"Build an RQ (Redis Queue) worker setup with job scheduling, failure handling, and monitoring",0,e71e05d58497,,0,73f7e0626ffe
hallucination,context7,,,0.0,0.00,0,,,,"Set up a Django 5 model layer with custom managers, querysets, signals, and migration operations",0,e71e05d58497,,0,4c446de7de88
hallucination,context7,,,0.0,0.00,0,,,,"Build a multi-step LangChain agent with tool calling, memory, and structured output",0,e71e05d58497,,0,519535c95888
hallucination,context7,,,0.0,0.00,0,,,,"Create a FastAPI application with OAuth2 authentication, dependency injection, and background tasks",0,e71e05d58497,,0,27464c0cf0e7
hallucination,context7,"[{'type': 'invented_method', 'detail': ""Method 'AppSettings' not found in pydantic-settings API"", 'call': 'AppSettings', 'context_available': True}, {'type': 'invented_method', 'detail': ""Method 'create_settings_from_env' not found in pydantic-settings API"", 'call': 'create_settings_from_env', 'context_available': True}, {'type': 'invented_method', 'detail': ""Method 'AppSettings' not found in pydantic-settings API"", 'call': 'AppSettings', 'context_available': True}, {'type': 'invented_method', '",,1.0,0.00,0,,,,Implement a complex Pydantic v2 settings management with environment variable parsing and nested configs,0,e71e05d58497,,0,97f1fee8289e
hallucination,context7,"[{'type': 'invented_method', 'detail': ""Method 'LightningClassifier' not found in pytorch-lightning API"", 'call': 'LightningClassifier', 'context_available': True}, {'type': 'invented_method', 'detail': ""Method 'run_lightning_training' not found in pytorch-lightning API"", 'call': 'run_lightning_training', 'context_available': True}, {'type': 'invented_method', 'detail': ""Method 'LightningClassifier' not found in pytorch-lightning API"", 'call': 'LightningClassifier', 'context_available': True}]",,1.0,0.00,0,,,,"Build a PyTorch Lightning training module with callbacks, logging, and distributed training",0,e71e05d58497,,0,762958b54d77
hallucination,context7,"[{'type': 'invented_method', 'detail': ""Method 'Next.js' not found in next API"", 'call': 'Next.js', 'context_available': True}]",,1.0,0.00,0,,,,"Build a Next.js API route handler with middleware, streaming responses, and server actions",0,e71e05d58497,,0,2234b5af8223
hallucination,context7,"[{'type': 'invented_method', 'detail': ""Method 'pytest.mark.parametrize' not found in pytest API"", 'call': 'pytest.mark.parametrize', 'context_available': True}, {'type': 'invented_method', 'detail': ""Method 'pytest.mark.parametrize' not found in pytest API"", 'call': 'pytest.mark.parametrize', 'context_available': True}, {'type': 'invented_method', 'detail': ""Method 'pytest.mark.parametrize' not found in pytest API"", 'call': 'pytest.mark.parametrize', 'context_available': True}]",,1.0,0.00,0,,,,"Create a comprehensive test suite with pytest including fixtures, parametrize, mocking, and async tests",0,e71e05d58497,,0,a8050d09367b
hallucination,context7,"[{'type': 'invented_method', 'detail': ""Method 'write_mypy_ini' not found in mypy API"", 'call': 'write_mypy_ini', 'context_available': True}, {'type': 'invented_method', 'detail': ""Method 'mypy_config.items' not found in mypy API"", 'call': 'mypy_config.items', 'context_available': True}, {'type': 'invented_method', 'detail': ""Method 'run_mypy' not found in mypy API"", 'call': 'run_mypy', 'context_available': True}, {'type': 'invented_method', 'detail': ""Method 'mypy' not found in mypy API"", 'call",,1.0,0.00,0,,,,"Set up a comprehensive mypy type checking configuration with plugins, overrides, and strict mode",0,e71e05d58497,,0,9c60e095d562
hallucination,context7,,,0.0,0.00,0,,,,"Build a SQLAlchemy 2.0 model with hybrid properties, custom types, and event listeners",0,e71e05d58497,,0,fdc30a653b8f
hallucination,context7,"[{'type': 'invented_method', 'detail': ""Method 'create_docker_compose_script' not found in docker-compose API"", 'call': 'create_docker_compose_script', 'context_available': True}, {'type': 'invented_method', 'detail': ""Method 'generate_dockerfile' not found in docker-compose API"", 'call': 'generate_dockerfile', 'context_available': True}, {'type': 'invented_method', 'detail': ""Method 'dockerfiles.get' not found in docker-compose API"", 'call': 'dockerfiles.get', 'context_available': True}, {'type",,1.0,0.00,0,,,,"Implement a complete Docker Compose setup with multi-stage builds, health checks, and network configuration",0,e71e05d58497,,0,84f4016f3230
hallucination,context7,,,0.0,0.00,0,,,,"Create a Kubernetes deployment manifest with rolling updates, resource limits, probes, and autoscaling",0,e71e05d58497,,0,346ed6534740
hallucination,context7,"[{'type': 'invented_method', 'detail': ""Method 'generate_webpack_config' not found in webpack API"", 'call': 'generate_webpack_config', 'context_available': True}]",,1.0,0.00,0,,,,"Build a Webpack 5 configuration with code splitting, module federation, and asset optimization",0,e71e05d58497,,0,b2159b369134
hallucination,context7,"[{'type': 'wrong_parameter', 'detail': ""Parameter 'lw' not valid for plot()"", 'call': 'plot', 'parameter': 'lw', 'context_available': True}, {'type': 'wrong_parameter', 'detail': ""Parameter 'lw' not valid for plot()"", 'call': 'plot', 'parameter': 'lw', 'context_available': True}, {'type': 'wrong_parameter', 'detail': ""Parameter 'lw' not valid for plot()"", 'call': 'plot', 'parameter': 'lw', 'context_available': True}, {'type': 'wrong_parameter', 'detail': ""Parameter 'lw' not valid for plot()"", 'c",,1.0,0.00,0,,,,"Create a Matplotlib visualization with subplots, custom styling, annotations, and interactive features",0,e71e05d58497,,0,91166fe2f479
hallucination,context7,,,0.0,0.00,0,,,,"Build a Plotly interactive dashboard with subplots, animations, and custom themes",0,e71e05d58497,,0,3a6f76307734
hallucination,context7,,,0.0,0.00,0,,,,"Create a Seaborn statistical visualization with faceted plots, regression, and custom palettes",0,e71e05d58497,,0,eb03d0352f11
hallucination,context7,"[{'type': 'invented_method', 'detail': ""Method 'create_celery_app' not found in celery API"", 'call': 'create_celery_app', 'context_available': True}, {'type': 'invented_method', 'detail': ""Method 'create_celery_app' not found in celery API"", 'call': 'create_celery_app', 'context_available': True}]",,1.0,0.00,0,,,,Implement a Celery beat scheduler with timezone-aware periodic tasks and dynamic scheduling,0,e71e05d58497,,0,9f9a031cfd1c
hallucination,context7,"[{'type': 'wrong_parameter', 'detail': ""Parameter 'url' not valid for context.configure()"", 'call': 'context.configure', 'parameter': 'url', 'context_available': True}, {'type': 'wrong_parameter', 'detail': ""Parameter 'literal_binds' not valid for context.configure()"", 'call': 'context.configure', 'parameter': 'literal_binds', 'context_available': True}, {'type': 'wrong_parameter', 'detail': ""Parameter 'dialect_opts' not valid for context.configure()"", 'call': 'context.configure', 'parameter': '",,1.0,0.00,0,,,,"Build a comprehensive Alembic migration setup with auto-generation, batch operations, and data migrations",0,e71e05d58497,,0,17177e6c0543
hallucination,context7,,,0.0,0.00,0,,,,"Implement a Marshmallow schema with nested objects, custom fields, and two-way serialization",0,e71e05d58497,,0,081483f80449
hallucination,context7,,,0.0,0.00,0,,,,"Create a comprehensive AWS Boto3 setup for S3 operations with presigned URLs, multipart upload, and lifecycle rules",0,e71e05d58497,,0,6c75a8bb5330
hallucination,context7,"[{'type': 'wrong_parameter', 'detail': ""Parameter 'filter' not valid for where()"", 'call': 'where', 'parameter': 'filter', 'context_available': True}, {'type': 'wrong_parameter', 'detail': ""Parameter 'filter' not valid for where()"", 'call': 'where', 'parameter': 'filter', 'context_available': True}]",,1.0,0.00,0,,,,"Implement Google Cloud Firestore operations with transactions, batch writes, and real-time listeners",0,e71e05d58497,,0,626b283339ba
hallucination,context7,"[{'type': 'invented_method', 'detail': ""Method 'Celery' not found in celery API"", 'call': 'Celery', 'context_available': True}]",,1.0,0.00,0,,,,"Build a Celery task with custom serializers, priority queues, and canvas workflows",0,e71e05d58497,,0,fb399cea59e6
hallucination,context7,,,0.0,0.00,0,,,,"Create an OpenAI API integration with chat completions, function calling, streaming, and embeddings",0,e71e05d58497,,0,6d33090d9f2b
hallucination,context7,,,0.0,0.00,0,,,,"Build a Anthropic Claude integration with streaming, tool use, and multi-turn conversations",0,e71e05d58497,,0,fbc1861fea7e
hallucination,context7,"[{'type': 'invented_method', 'detail': ""Method 'get_supabase_client' not found in supabase API"", 'call': 'get_supabase_client', 'context_available': True}, {'type': 'invented_method', 'detail': ""Method 'get_supabase_client' not found in supabase API"", 'call': 'get_supabase_client', 'context_available': True}, {'type': 'invented_method', 'detail': ""Method 'get_supabase_client' not found in supabase API"", 'call': 'get_supabase_client', 'context_available': True}, {'type': 'wrong_parameter', 'detai",,1.0,0.00,0,,,,"Implement a Supabase backend with auth, real-time subscriptions, storage, and edge functions",0,e71e05d58497,,0,4b22354b1765
hallucination,context7,,,0.0,0.00,0,,,,"Build a comprehensive GitHub Actions workflow with matrix strategy, caching, artifacts, and reusable workflows",0,e71e05d58497,,0,9ebf57df32e4
hallucination,context7,"[{'type': 'invented_method', 'detail': ""Method 'create_terraform_project' not found in terraform API"", 'call': 'create_terraform_project', 'context_available': True}]",,1.0,0.00,0,,,,"Create a Terraform infrastructure configuration with modules, state management, and provider configuration",0,e71e05d58497,,0,f338464f99db
hallucination,context7,,,0.0,0.00,0,,,,"Implement a Svelte 5 component with runes, snippets, and fine-grained reactivity",0,e71e05d58497,,0,43111a2775bc
hallucination,context7,,,0.0,0.00,0,,,,"Build a Vue 3 application with Composition API, Pinia store, and Vue Router 4",0,e71e05d58497,,0,a3fe578e65c6
hallucination,context7,,,0.0,0.00,0,,,,"Create an Angular 17 application with signals, standalone components, and new control flow",0,e71e05d58497,,0,ca6e46debb0f
hallucination,context7,,,0.0,0.00,0,,,,"Build a GraphQL API with Strawberry framework including subscriptions, dataloaders, and authentication",0,e71e05d58497,,0,24e399a1fbe7
hallucination,context7,,,0.0,0.00,0,,,,"Create a comprehensive Pillow image processing pipeline with filters, compositing, and format conversion",0,e71e05d58497,,0,c259e41928f0
hallucination,context7,,,0.0,0.00,0,,,,Implement a comprehensive Arrow/Parquet data pipeline with PyArrow for columnar data processing,0,e71e05d58497,,0,67c74433a4fc
hallucination,context7,,,0.0,0.00,0,,,,"Build a comprehensive cryptography setup with Fernet encryption, RSA key pairs, and certificate generation",0,e71e05d58497,,0,8b41ba029f63
hallucination,context7,,,0.0,0.00,0,,,,"Create an Elasticsearch query with aggregations, highlighting, and suggesters using elasticsearch-py",0,e71e05d58497,,0,4bc91a2937a2
hallucination,context7,,,0.0,0.00,0,,,,"Implement a comprehensive GraphQL server with Ariadne including schema-first design, subscriptions, and uploads",0,e71e05d58497,,0,b29d998c93c1
hallucination,context7,,,0.0,0.00,0,,,,"Build a comprehensive Airflow DAG with task dependencies, sensors, hooks, and dynamic task mapping",0,e71e05d58497,,0,cbaf274c934f
hallucination,context7,,,0.0,0.00,0,,,,"Create a comprehensive Prefect 2 flow with tasks, retries, caching, and deployment configuration",0,e71e05d58497,,0,ccd1340847a9
hallucination,context7,"[{'type': 'invented_method', 'detail': ""Method 'grpc.unary_unary_rpc_method_handler' not found in grpc API"", 'call': 'grpc.unary_unary_rpc_method_handler', 'context_available': True}, {'type': 'invented_method', 'detail': ""Method 'grpc.unary_unary_rpc_method_handler' not found in grpc API"", 'call': 'grpc.unary_unary_rpc_method_handler', 'context_available': True}]",,1.0,0.00,0,,,,"Implement a comprehensive gRPC service with protobuf, streaming, interceptors, and health checks in Python",0,e71e05d58497,,0,d11db22a3451
hallucination,context7,"[{'type': 'wrong_parameter', 'detail': ""Parameter 'username' not valid for WebSocket()"", 'call': 'WebSocket', 'parameter': 'username', 'context_available': True}]",,1.0,0.00,0,,,,"Build a FastAPI WebSocket server with connection management, broadcasting, and heartbeat",0,e71e05d58497,,0,73a6470eeadd
hallucination,context7,"[{'type': 'invented_method', 'detail': ""Method 'SQLModel.metadata.create_all' not found in sqlmodel API"", 'call': 'SQLModel.metadata.create_all', 'context_available': True}]",,1.0,0.00,0,,,,"Create a SQLModel application with models, relationships, and async database operations",0,e71e05d58497,,0,0a149db67b33
hallucination,context7,"[{'type': 'invented_method', 'detail': ""Method 'create_tauri_app' not found in tauri API"", 'call': 'create_tauri_app', 'context_available': True}]",,1.0,0.00,0,,,,"Build a Tauri desktop application with commands, state management, and event system using Rust backend",0,e71e05d58497,,0,d0d0500266f3
hallucination,context7,,,0.0,0.00,0,,,,"Implement a comprehensive Pytest-BDD test suite with scenarios, step definitions, and fixtures",0,e71e05d58497,,0,1a81fa139647
hallucination,context7,"[{'type': 'wrong_parameter', 'detail': ""Parameter 'output_type' not valid for Agent()"", 'call': 'Agent', 'parameter': 'output_type', 'context_available': True}, {'type': 'wrong_parameter', 'detail': ""Parameter 'validation_context' not valid for Agent()"", 'call': 'Agent', 'parameter': 'validation_context', 'context_available': True}]",,1.0,0.00,0,,,,"Create a Pydantic AI agent with tool definitions, structured output, and retry handling",0,e71e05d58497,,0,761f37e479e2
hallucination,context7,"[{'type': 'invented_method', 'detail': ""Method 'MatchResult' not found in re API"", 'call': 'MatchResult', 'context_available': True}, {'type': 'invented_method', 'detail': ""Method 'MatchResult' not found in re API"", 'call': 'MatchResult', 'context_available': True}, {'type': 'invented_method', 'detail': ""Method 'MatchResult' not found in re API"", 'call': 'MatchResult', 'context_available': True}, {'type': 'invented_method', 'detail': ""Method 'self.results.append' not found in re API"", 'call': 's",,1.0,0.00,0,,,,"Build a comprehensive Regex pattern matching pipeline with named groups, lookahead, and Unicode support",0,e71e05d58497,,0,2db3d4a7f4cd
hallucination,context7,,,0.0,0.00,0,,,,"Create a Pydantic dataclass with field aliases, discriminated unions, and custom JSON encoders",0,e71e05d58497,,0,f8580ce8b906
hallucination,context7,"[{'type': 'invented_method', 'detail': ""Method 'htmx_event_fragment' not found in django-htmx API"", 'call': 'htmx_event_fragment', 'context_available': True}]",,1.0,0.00,0,,,,Implement a complete HTMX-powered Django application with server-sent events and WebSocket fallback,0,e71e05d58497,,0,8f37b03b2299
hallucination,context7,,,0.0,0.00,0,,,,"Build a Neon serverless Postgres application with connection pooling, branching, and edge functions",0,e71e05d58497,,0,4151a5bdfdcf
hallucination,context7,,,0.0,0.00,0,,,,"Create a comprehensive tRPC API with routers, middleware, subscriptions, and React integration",0,e71e05d58497,,0,369e7c4b7cf0
hallucination,synsc-context,,,0.0,0.00,0,,,,Create a FastAPI endpoint that accepts a JSON body with nested Pydantic models and returns a validated response,0,b29a435e2d3d,,0,24df3c9b7579
hallucination,synsc-context,,,0.0,0.00,0,,,,"Set up an async HTTPX client with custom timeout, retry logic, and connection pooling",0,b29a435e2d3d,,0,0c34dc104db6
hallucination,synsc-context,"[{'type': 'outdated_api', 'detail': ""'field_validator' uses deprecated API 'validator'"", 'call': 'field_validator', 'context_available': True}, {'type': 'outdated_api', 'detail': ""'field_validator' uses deprecated API 'validator'"", 'call': 'field_validator', 'context_available': True}, {'type': 'outdated_api', 'detail': ""'field_validator' uses deprecated API 'validator'"", 'call': 'field_validator', 'context_available': True}, {'type': 'outdated_api', 'detail': ""'field_validator' uses deprecated ",,1.0,0.00,0,,,,"Define a Pydantic v2 model with custom validators, computed fields, and JSON schema customization",0,b29a435e2d3d,,0,7a0c4648f539
hallucination,synsc-context,,,0.0,0.00,0,,,,Implement SQLAlchemy 2.0 async session with select statements and relationship loading,0,b29a435e2d3d,,0,33f4896212b4
hallucination,synsc-context,"[{'type': 'invented_method', 'detail': ""Method 'click.BadParameter' not found in click API"", 'call': 'click.BadParameter', 'context_available': True}, {'type': 'invented_method', 'detail': ""Method 'click.BadParameter' not found in click API"", 'call': 'click.BadParameter', 'context_available': True}, {'type': 'invented_method', 'detail': ""Method 'click.version_option' not found in click API"", 'call': 'click.version_option', 'context_available': True}, {'type': 'invented_method', 'detail': ""Method",,1.0,0.00,0,,,,"Create a Click CLI application with nested command groups, options with validation, and rich help text",0,b29a435e2d3d,,0,99ef08e47def
hallucination,synsc-context,"[{'type': 'wrong_parameter', 'detail': ""Parameter 'add_start_index' not valid for RecursiveCharacterTextSplitter()"", 'call': 'RecursiveCharacterTextSplitter', 'parameter': 'add_start_index', 'context_available': True}]",,1.0,0.00,0,,,,"Build a LangChain RAG pipeline with document loading, text splitting, vector store, and retrieval chain",0,b29a435e2d3d,,0,f1de6d5f9947
hallucination,synsc-context,,,0.0,0.00,0,,,,"Implement a PyTorch training loop with mixed precision, gradient accumulation, and learning rate scheduling",0,b29a435e2d3d,,0,eb9ce5c67728
hallucination,synsc-context,"[{'type': 'invented_method', 'detail': ""Method 'stripe.checkout.Session.create' not found in stripe API"", 'call': 'stripe.checkout.Session.create', 'context_available': True}, {'type': 'invented_method', 'detail': ""Method 'stripe.checkout.Session.retrieve' not found in stripe API"", 'call': 'stripe.checkout.Session.retrieve', 'context_available': True}, {'type': 'invented_method', 'detail': ""Method 'stripe.Customer.create' not found in stripe API"", 'call': 'stripe.Customer.create', 'context_avail",,1.0,0.00,0,,,,"Create a Stripe payment integration with checkout sessions, webhooks, and subscription management",0,b29a435e2d3d,,0,bd36c68ec9c9
hallucination,synsc-context,,,0.0,0.00,0,,,,"Build a Next.js App Router page with server components, data fetching, and loading states",0,b29a435e2d3d,,0,7f6fa3f09e76
hallucination,synsc-context,,,0.0,0.00,0,,,,"Set up a Tailwind CSS v4 configuration with custom theme, plugins, and dark mode",0,b29a435e2d3d,,0,096de2e01c6e
hallucination,synsc-context,,,0.0,0.00,0,,,,"Build a Django 5 REST API with class-based views, custom permissions, and queryset filtering",0,b29a435e2d3d,,0,7462a8ba6a3c
hallucination,synsc-context,,,0.0,0.00,0,,,,"Create a Flask application with Blueprints, custom error handlers, and SQLAlchemy integration",0,b29a435e2d3d,,0,132835028755
hallucination,synsc-context,,,0.0,0.00,0,,,,"Implement a pandas DataFrame pipeline with method chaining, window functions, and categorical data handling",0,b29a435e2d3d,,0,b9f0842644dc
hallucination,synsc-context,,,0.0,0.00,0,,,,"Build a NumPy computation pipeline with broadcasting, structured arrays, and random number generation",0,b29a435e2d3d,,0,3f97a341fcc4
hallucination,synsc-context,"[{'type': 'invented_method', 'detail': ""Method 'scipy_optimization_with_constraints' not found in scipy API"", 'call': 'scipy_optimization_with_constraints', 'context_available': True}, {'type': 'invented_method', 'detail': ""Method 'scipy_curve_fitting' not found in scipy API"", 'call': 'scipy_curve_fitting', 'context_available': True}, {'type': 'invented_method', 'detail': ""Method 'scipy.sparse.coo_matrix' not found in scipy API"", 'call': 'scipy.sparse.coo_matrix', 'context_available': True}]",,1.0,0.00,0,,,,"Perform SciPy optimization with constraints, curve fitting, and sparse matrix operations",0,b29a435e2d3d,,0,7cdf767e3332
hallucination,synsc-context,,,0.0,0.00,0,,,,"Build a Polars data pipeline with lazy frames, window functions, and expression API",0,b29a435e2d3d,,0,4cef668c8fc8
hallucination,synsc-context,,,0.0,0.00,0,,,,"Train a scikit-learn pipeline with custom transformers, cross-validation, and hyperparameter search",0,b29a435e2d3d,,0,4b6b1fc312b5
hallucination,synsc-context,"[{'type': 'wrong_parameter', 'detail': ""Parameter 'warmup_ratio' not valid for TrainingArguments()"", 'call': 'TrainingArguments', 'parameter': 'warmup_ratio', 'context_available': True}, {'type': 'wrong_parameter', 'detail': ""Parameter 'metric_for_best_model' not valid for TrainingArguments()"", 'call': 'TrainingArguments', 'parameter': 'metric_for_best_model', 'context_available': True}, {'type': 'wrong_parameter', 'detail': ""Parameter 'greater_is_better' not valid for TrainingArguments()"", 'cal",,1.0,0.00,0,,,,"Fine-tune a HuggingFace Transformers model with the Trainer API, custom data collator, and evaluation metrics",0,b29a435e2d3d,,0,ec18462473cc
hallucination,synsc-context,"[{'type': 'invented_method', 'detail': ""Method 'keras.metrics.Mean' not found in keras API"", 'call': 'keras.metrics.Mean', 'context_available': True}, {'type': 'invented_method', 'detail': ""Method 'keras.metrics.BinaryAccuracy' not found in keras API"", 'call': 'keras.metrics.BinaryAccuracy', 'context_available': True}, {'type': 'invented_method', 'detail': ""Method 'keras.metrics.AUC' not found in keras API"", 'call': 'keras.metrics.AUC', 'context_available': True}, {'type': 'invented_method', 'de",,1.0,0.00,0,,,,"Create a Keras 3 model with functional API, custom training step, and multi-backend support",0,b29a435e2d3d,,0,53dd8d6a3324
hallucination,synsc-context,"[{'type': 'invented_method', 'detail': ""Method 'asyncio_timeout' not found in asyncio API"", 'call': 'asyncio_timeout', 'context_available': True}, {'type': 'invented_method', 'detail': ""Method 'asyncio.ensure_future' not found in asyncio API"", 'call': 'asyncio.ensure_future', 'context_available': True}, {'type': 'outdated_api', 'detail': ""'asyncio.ensure_future' uses deprecated API 'ensure_future'"", 'call': 'asyncio.ensure_future', 'context_available': True}, {'type': 'invented_method', 'detail'",,1.0,0.00,0,,,,"Implement asyncio concurrent tasks with structured concurrency, timeout handling, and cancellation",0,b29a435e2d3d,,0,8aa966ce01d5
hallucination,synsc-context,,,0.0,0.00,0,,,,"Set up a Celery task queue with periodic tasks, result backends, retry policies, and task chaining",0,b29a435e2d3d,,0,e24015c39f90
hallucination,synsc-context,"[{'type': 'invented_method', 'detail': ""Method 'redis.call' not found in redis-py API"", 'call': 'redis.call', 'context_available': True}, {'type': 'invented_method', 'detail': ""Method 'redis.call' not found in redis-py API"", 'call': 'redis.call', 'context_available': True}, {'type': 'invented_method', 'detail': ""Method 'redis.call' not found in redis-py API"", 'call': 'redis.call', 'context_available': True}, {'type': 'invented_method', 'detail': ""Method 'redis.call' not found in redis-py API"", '",,1.0,0.00,0,,,,"Build a Redis cache layer with pipelining, pub/sub messaging, and Lua scripting using redis-py",0,b29a435e2d3d,,0,f928b305d091
hallucination,synsc-context,,,0.0,0.00,0,,,,"Implement a PyMongo aggregation pipeline with lookup, group, faceted search, and change streams",0,b29a435e2d3d,,0,af6ba41e6796
hallucination,synsc-context,"[{'type': 'invented_method', 'detail': ""Method 'app.add_typer' not found in typer API"", 'call': 'app.add_typer', 'context_available': True}, {'type': 'invented_method', 'detail': ""Method 'app.add_typer' not found in typer API"", 'call': 'app.add_typer', 'context_available': True}, {'type': 'invented_method', 'detail': ""Method 'app.add_typer' not found in typer API"", 'call': 'app.add_typer', 'context_available': True}]",,1.0,0.00,0,,,,"Create a Typer CLI application with subcommands, rich help panels, and automatic shell completion",0,b29a435e2d3d,,0,eaad76179f06
hallucination,synsc-context,"[{'type': 'wrong_parameter', 'detail': ""Parameter 'header_style' not valid for Table()"", 'call': 'Table', 'parameter': 'header_style', 'context_available': True}, {'type': 'wrong_parameter', 'detail': ""Parameter 'border_style' not valid for Table()"", 'call': 'Table', 'parameter': 'border_style', 'context_available': True}, {'type': 'wrong_parameter', 'detail': ""Parameter 'row_styles' not valid for Table()"", 'call': 'Table', 'parameter': 'row_styles', 'context_available': True}, {'type': 'wrong_p",,1.0,0.00,0,,,,"Build a Rich terminal UI with live display, tables, progress bars, and tree views",0,b29a435e2d3d,,0,ff24fd7d9e2f
hallucination,synsc-context,"[{'type': 'invented_method', 'detail': ""Method 'setup_structlog' not found in structlog API"", 'call': 'setup_structlog', 'context_available': True}, {'type': 'invented_method', 'detail': ""Method 'structlog.stdlib.PositionalArgumentsFormatter' not found in structlog API"", 'call': 'structlog.stdlib.PositionalArgumentsFormatter', 'context_available': True}, {'type': 'invented_method', 'detail': ""Method 'structlog.processors.TimeStamper' not found in structlog API"", 'call': 'structlog.processors.Tim",,1.0,0.00,0,,,,"Set up structured logging with structlog including processors, formatters, and context binding",0,b29a435e2d3d,,0,e7efaa5e1bb3
hallucination,synsc-context,,,0.0,0.00,0,,,,"Create a Loguru logging setup with rotation, serialization, custom sinks, and structured output",0,b29a435e2d3d,,0,403458d87d28
hallucination,synsc-context,,,0.0,0.00,0,,,,"Build a React 19 application with server components, use hook, and concurrent features",0,b29a435e2d3d,,0,edb9de8e0113
hallucination,synsc-context,,,0.0,0.00,0,,,,"Implement an Express.js REST API with middleware chain, error handling, and route organization",0,b29a435e2d3d,,0,7f3a0aca43b3
hallucination,synsc-context,"[{'type': 'invented_method', 'detail': ""Method 'Prisma' not found in prisma API"", 'call': 'Prisma', 'context_available': True}]",,1.0,0.00,0,,,,"Create a Prisma schema with relations, middleware, and complex queries using the client",0,b29a435e2d3d,,0,47a659564320
hallucination,synsc-context,,,0.0,0.00,0,,,,"Build a Zod schema with complex validation, transforms, and type inference for a TypeScript API",0,b29a435e2d3d,,0,c450105444ad
hallucination,synsc-context,"[{'type': 'invented_method', 'detail': ""Method 'QueryState' not found in tanstack-query API"", 'call': 'QueryState', 'context_available': True}, {'type': 'invented_method', 'detail': ""Method 'query_fn' not found in tanstack-query API"", 'call': 'query_fn', 'context_available': True}, {'type': 'invented_method', 'detail': ""Method 'QueryState' not found in tanstack-query API"", 'call': 'QueryState', 'context_available': True}, {'type': 'invented_method', 'detail': ""Method 'query_fn' not found in tans",,1.0,0.00,0,,,,"Implement TanStack Query v5 with mutations, optimistic updates, and infinite scroll pagination",0,b29a435e2d3d,,0,eab905a57560
hallucination,synsc-context,,,0.0,0.00,0,,,,"Build a Starlette ASGI application with WebSocket support, middleware, and background tasks",0,b29a435e2d3d,,0,c678cefe295a
hallucination,synsc-context,,,0.0,0.00,0,,,,"Create an aiohttp web server with WebSocket support, sessions, and middleware",0,b29a435e2d3d,,0,0a330275328f
hallucination,synsc-context,"[{'type': 'invented_method', 'detail': ""Method 'tornado.web.HTTPError' not found in tornado API"", 'call': 'tornado.web.HTTPError', 'context_available': True}, {'type': 'invented_method', 'detail': ""Method 'tornado.web.HTTPError' not found in tornado API"", 'call': 'tornado.web.HTTPError', 'context_available': True}, {'type': 'invented_method', 'detail': ""Method 'tornado.web.HTTPError' not found in tornado API"", 'call': 'tornado.web.HTTPError', 'context_available': True}, {'type': 'invented_method",,1.0,0.00,0,,,,"Build a Tornado web application with async request handlers, WebSockets, and coroutine patterns",0,b29a435e2d3d,,0,92598e7aef70
hallucination,synsc-context,"[{'type': 'invented_method', 'detail': ""Method 'SanicException' not found in sanic API"", 'call': 'SanicException', 'context_available': True}]",,1.0,0.00,0,,,,"Create a Sanic web application with blueprints, streaming, and signal-based middleware",0,b29a435e2d3d,,0,81c67d432ba4
hallucination,synsc-context,"[{'type': 'invented_method', 'detail': ""Method 'falcon.HTTPStatus' not found in falcon API"", 'call': 'falcon.HTTPStatus', 'context_available': True}, {'type': 'invented_method', 'detail': ""Method 'falcon.HTTPTooManyRequests' not found in falcon API"", 'call': 'falcon.HTTPTooManyRequests', 'context_available': True}, {'type': 'invented_method', 'detail': ""Method 'falcon.HTTPUnauthorized' not found in falcon API"", 'call': 'falcon.HTTPUnauthorized', 'context_available': True}, {'type': 'invented_met",,1.0,0.00,0,,,,"Build a Falcon REST API with middleware, hooks, responders, and ASGI support",0,b29a435e2d3d,,0,5afb42a15673
hallucination,synsc-context,,,0.0,0.00,0,,,,"Implement a TensorFlow 2.x model with tf.data pipeline, custom training, and SavedModel export",0,b29a435e2d3d,,0,e3a80a94d42d
hallucination,synsc-context,"[{'type': 'invented_method', 'detail': ""Method 'create_dask_dataframe' not found in dask API"", 'call': 'create_dask_dataframe', 'context_available': True}, {'type': 'invented_method', 'detail': ""Method 'compute_dask_aggregations' not found in dask API"", 'call': 'compute_dask_aggregations', 'context_available': True}, {'type': 'invented_method', 'detail': ""Method 'filter_and_transform_dask' not found in dask API"", 'call': 'filter_and_transform_dask', 'context_available': True}]",,1.0,0.00,0,,,,"Create a Dask distributed computation with delayed functions, DataFrames, and cluster management",0,b29a435e2d3d,,0,c616d2d3115b
hallucination,synsc-context,,,0.0,0.00,0,,,,"Build a Tortoise ORM application with models, relations, and async query building",0,b29a435e2d3d,,0,620eae878a26
hallucination,synsc-context,,,0.0,0.00,0,,,,"Implement a Peewee ORM application with model definitions, joins, and transaction management",0,b29a435e2d3d,,0,cd94eeeeb532
hallucination,synsc-context,,,0.0,0.00,0,,,,"Set up a requests-based HTTP client with session management, authentication, and streaming",0,b29a435e2d3d,,0,dafbded6eac6
hallucination,synsc-context,"[{'type': 'invented_method', 'detail': ""Method 'create_urllib3_context' not found in urllib3 API"", 'call': 'create_urllib3_context', 'context_available': True}]",,1.0,0.00,0,,,,"Build a urllib3 connection pool with retries, TLS configuration, and proxy support",0,b29a435e2d3d,,0,653f8f186c00
hallucination,synsc-context,,,0.0,0.00,0,,,,"Implement a Gin web server with route groups, middleware, validation, and custom error handling in Go",0,b29a435e2d3d,,0,43eaf675b3de
hallucination,synsc-context,"[{'type': 'invented_method', 'detail': ""Method 'echo.PathParamsBinder' not found in echo API"", 'call': 'echo.PathParamsBinder', 'context_available': True}, {'type': 'invented_method', 'detail': ""Method 'echo.PathParamsBinder' not found in echo API"", 'call': 'echo.PathParamsBinder', 'context_available': True}, {'type': 'invented_method', 'detail': ""Method 'echo.PathParamsBinder' not found in echo API"", 'call': 'echo.PathParamsBinder', 'context_available': True}]",,1.0,0.00,0,,,,"Build an Echo web application with middleware, request binding, and response rendering in Go",0,b29a435e2d3d,,0,0801a99d3888
hallucination,synsc-context,,,0.0,0.00,0,,,,"Implement a GORM database layer with models, associations, hooks, and scoped queries in Go",0,b29a435e2d3d,,0,87b849bba530
hallucination,synsc-context,,,0.0,0.00,0,,,,"Build an Actix-web server with extractors, middleware, state management, and error handling in Rust",0,b29a435e2d3d,,0,0d60f7c94487
hallucination,synsc-context,,,0.0,0.00,0,,,,"Implement a Tokio async runtime with channels, select, timers, and spawned tasks in Rust",0,b29a435e2d3d,,0,6670b638937e
hallucination,synsc-context,"[{'type': 'invented_method', 'detail': ""Method 'run_rust_serde_example' not found in serde API"", 'call': 'run_rust_serde_example', 'context_available': True}, {'type': 'invented_method', 'detail': ""Method 'serde' not found in serde API"", 'call': 'serde', 'context_available': True}, {'type': 'invented_method', 'detail': ""Method 'serde' not found in serde API"", 'call': 'serde', 'context_available': True}, {'type': 'invented_method', 'detail': ""Method 'serde' not found in serde API"", 'call': 'serde",,1.0,0.00,0,,,,"Build a Serde serialization layer with custom derive, field attributes, and format support in Rust",0,b29a435e2d3d,,0,1db3e3a5bed7
hallucination,synsc-context,,,0.0,0.00,0,,,,"Implement a Django REST Framework API with serializers, viewsets, permissions, and pagination",0,b29a435e2d3d,,0,e647eed6586b
hallucination,synsc-context,,,0.0,0.00,0,,,,"Create a Dramatiq task queue with actors, middleware, results backend, and rate limiting",0,b29a435e2d3d,,0,61a54bb5257d
hallucination,synsc-context,"[{'type': 'invented_method', 'detail': ""Method 'RQ' not found in rq API"", 'call': 'RQ', 'context_available': True}]",,1.0,0.00,0,,,,"Build an RQ (Redis Queue) worker setup with job scheduling, failure handling, and monitoring",0,b29a435e2d3d,,0,520d2d1d0f91
hallucination,synsc-context,,,0.0,0.00,0,,,,"Set up a Django 5 model layer with custom managers, querysets, signals, and migration operations",0,b29a435e2d3d,,0,b3a3109c2953
hallucination,synsc-context,"[{'type': 'wrong_parameter', 'detail': ""Parameter 'early_stopping_method' not valid for AgentExecutor()"", 'call': 'AgentExecutor', 'parameter': 'early_stopping_method', 'context_available': True}]",,1.0,0.00,0,,,,"Build a multi-step LangChain agent with tool calling, memory, and structured output",0,b29a435e2d3d,,0,e3de503c29b1
hallucination,synsc-context,,,0.0,0.00,0,,,,"Create a FastAPI application with OAuth2 authentication, dependency injection, and background tasks",0,b29a435e2d3d,,0,66b4ab8a70d3
hallucination,synsc-context,,,0.0,0.00,0,,,,Implement a complex Pydantic v2 settings management with environment variable parsing and nested configs,0,b29a435e2d3d,,0,e6c5591e610f
hallucination,synsc-context,,,0.0,0.00,0,,,,"Build a PyTorch Lightning training module with callbacks, logging, and distributed training",0,b29a435e2d3d,,0,7949cd7eff39
hallucination,synsc-context,,,0.0,0.00,0,,,,"Build a Next.js API route handler with middleware, streaming responses, and server actions",0,b29a435e2d3d,,0,b473ad1dd41a
hallucination,synsc-context,,,0.0,0.00,0,,,,"Create a comprehensive test suite with pytest including fixtures, parametrize, mocking, and async tests",0,b29a435e2d3d,,0,8ae50833b53b
hallucination,synsc-context,"[{'type': 'invented_method', 'detail': ""Method 'generate_mypy_config' not found in mypy API"", 'call': 'generate_mypy_config', 'context_available': True}, {'type': 'invented_method', 'detail': ""Method 'generate_pyproject_toml_mypy_section' not found in mypy API"", 'call': 'generate_pyproject_toml_mypy_section', 'context_available': True}, {'type': 'invented_method', 'detail': ""Method 'generate_pydantic_mypy_plugin_config' not found in mypy API"", 'call': 'generate_pydantic_mypy_plugin_config', 'con",,1.0,0.00,0,,,,"Set up a comprehensive mypy type checking configuration with plugins, overrides, and strict mode",0,b29a435e2d3d,,0,f7e2e2838832
hallucination,synsc-context,,,0.0,0.00,0,,,,"Build a SQLAlchemy 2.0 model with hybrid properties, custom types, and event listeners",0,b29a435e2d3d,,0,e86bb94e8781
hallucination,synsc-context,,,0.0,0.00,0,,,,"Implement a complete Docker Compose setup with multi-stage builds, health checks, and network configuration",0,b29a435e2d3d,,0,b477a9b1065d
hallucination,synsc-context,,,0.0,0.00,0,,,,"Create a Kubernetes deployment manifest with rolling updates, resource limits, probes, and autoscaling",0,b29a435e2d3d,,0,b83e36871c99
hallucination,synsc-context,"[{'type': 'invented_method', 'detail': ""Method 'generate_webpack_config' not found in webpack API"", 'call': 'generate_webpack_config', 'context_available': True}]",,1.0,0.00,0,,,,"Build a Webpack 5 configuration with code splitting, module federation, and asset optimization",0,b29a435e2d3d,,0,fafe98a8de73
hallucination,synsc-context,,,0.0,0.00,0,,,,"Create a Matplotlib visualization with subplots, custom styling, annotations, and interactive features",0,b29a435e2d3d,,0,3364d76d3bb2
hallucination,synsc-context,"[{'type': 'wrong_parameter', 'detail': ""Parameter 'vertical_spacing' not valid for make_subplots()"", 'call': 'make_subplots', 'parameter': 'vertical_spacing', 'context_available': True}, {'type': 'wrong_parameter', 'detail': ""Parameter 'horizontal_spacing' not valid for make_subplots()"", 'call': 'make_subplots', 'parameter': 'horizontal_spacing', 'context_available': True}]",,1.0,0.00,0,,,,"Build a Plotly interactive dashboard with subplots, animations, and custom themes",0,b29a435e2d3d,,0,df8f3a3ee9bc
hallucination,synsc-context,,,0.0,0.00,0,,,,"Create a Seaborn statistical visualization with faceted plots, regression, and custom palettes",0,b29a435e2d3d,,0,2ebc8b451a8c
hallucination,synsc-context,,,0.0,0.00,0,,,,Implement a Celery beat scheduler with timezone-aware periodic tasks and dynamic scheduling,0,b29a435e2d3d,,0,7e64f2550a9d
hallucination,synsc-context,,,0.0,0.00,0,,,,"Build a comprehensive Alembic migration setup with auto-generation, batch operations, and data migrations",0,b29a435e2d3d,,0,b046e0c085dc
hallucination,synsc-context,,,0.0,0.00,0,,,,"Implement a Marshmallow schema with nested objects, custom fields, and two-way serialization",0,b29a435e2d3d,,0,128b71d6375d
hallucination,synsc-context,,,0.0,0.00,0,,,,"Create a comprehensive AWS Boto3 setup for S3 operations with presigned URLs, multipart upload, and lifecycle rules",0,b29a435e2d3d,,0,d63e6e0d672d
hallucination,synsc-context,,,0.0,0.00,0,,,,"Implement Google Cloud Firestore operations with transactions, batch writes, and real-time listeners",0,b29a435e2d3d,,0,2142dff6df28
hallucination,synsc-context,"[{'type': 'invented_method', 'detail': ""Method 'Celery' not found in celery API"", 'call': 'Celery', 'context_available': True}]",,1.0,0.00,0,,,,"Build a Celery task with custom serializers, priority queues, and canvas workflows",0,b29a435e2d3d,,0,cf55f1a3fd05
hallucination,synsc-context,,,0.0,0.00,0,,,,"Create an OpenAI API integration with chat completions, function calling, streaming, and embeddings",0,b29a435e2d3d,,0,3b1c0338f647
hallucination,synsc-context,"[{'type': 'invented_method', 'detail': ""Method 'ChatAnthropic' not found in anthropic API"", 'call': 'ChatAnthropic', 'context_available': True}]",,1.0,0.00,0,,,,"Build a Anthropic Claude integration with streaming, tool use, and multi-turn conversations",0,b29a435e2d3d,,0,e465948af129
hallucination,synsc-context,"[{'type': 'invented_method', 'detail': ""Method '_get_supabase_url' not found in supabase API"", 'call': '_get_supabase_url', 'context_available': True}, {'type': 'invented_method', 'detail': ""Method '_get_supabase_service_key' not found in supabase API"", 'call': '_get_supabase_service_key', 'context_available': True}, {'type': 'invented_method', 'detail': ""Method '_get_supabase_publishable_key' not found in supabase API"", 'call': '_get_supabase_publishable_key', 'context_available': True}, {'type",,1.0,0.00,0,,,,"Implement a Supabase backend with auth, real-time subscriptions, storage, and edge functions",0,b29a435e2d3d,,0,32bf9114ddf1
hallucination,synsc-context,"[{'type': 'invented_method', 'detail': ""Method 'generate_github_actions_workflow' not found in github-actions API"", 'call': 'generate_github_actions_workflow', 'context_available': True}, {'type': 'invented_method', 'detail': ""Method 'generate_github_actions_workflow' not found in github-actions API"", 'call': 'generate_github_actions_workflow', 'context_available': True}]",,1.0,0.00,0,,,,"Build a comprehensive GitHub Actions workflow with matrix strategy, caching, artifacts, and reusable workflows",0,b29a435e2d3d,,0,88664f1de5f5
hallucination,synsc-context,"[{'type': 'invented_method', 'detail': ""Method 'create_terraform_infrastructure' not found in terraform API"", 'call': 'create_terraform_infrastructure', 'context_available': True}]",,1.0,0.00,0,,,,"Create a Terraform infrastructure configuration with modules, state management, and provider configuration",0,b29a435e2d3d,,0,e66b82835d61
hallucination,synsc-context,,,0.0,0.00,0,,,,"Implement a Svelte 5 component with runes, snippets, and fine-grained reactivity",0,b29a435e2d3d,,0,bedf55f829db
hallucination,synsc-context,,,0.0,0.00,0,,,,"Build a Vue 3 application with Composition API, Pinia store, and Vue Router 4",0,b29a435e2d3d,,0,947047b81d4a
hallucination,synsc-context,"[{'type': 'invented_method', 'detail': ""Method 'generate_angular17_app' not found in angular API"", 'call': 'generate_angular17_app', 'context_available': True}]",,1.0,0.00,0,,,,"Create an Angular 17 application with signals, standalone components, and new control flow",0,b29a435e2d3d,,0,2f25fdefc531
hallucination,synsc-context,,,0.0,0.00,0,,,,"Build a GraphQL API with Strawberry framework including subscriptions, dataloaders, and authentication",0,b29a435e2d3d,,0,11f27160bab7
hallucination,synsc-context,,,0.0,0.00,0,,,,"Create a comprehensive Pillow image processing pipeline with filters, compositing, and format conversion",0,b29a435e2d3d,,0,b198471e084d
hallucination,synsc-context,,,0.0,0.00,0,,,,Implement a comprehensive Arrow/Parquet data pipeline with PyArrow for columnar data processing,0,b29a435e2d3d,,0,56763b2fc603
hallucination,synsc-context,,,0.0,0.00,0,,,,"Build a comprehensive cryptography setup with Fernet encryption, RSA key pairs, and certificate generation",0,b29a435e2d3d,,0,dc576a225e6c
hallucination,synsc-context,,,0.0,0.00,0,,,,"Create an Elasticsearch query with aggregations, highlighting, and suggesters using elasticsearch-py",0,b29a435e2d3d,,0,8a4a9fa7c898
hallucination,synsc-context,,,0.0,0.00,0,,,,"Implement a comprehensive GraphQL server with Ariadne including schema-first design, subscriptions, and uploads",0,b29a435e2d3d,,0,a927717b4195
hallucination,synsc-context,"[{'type': 'invented_method', 'detail': ""Method 'context_to_airflow_vars' not found in airflow API"", 'call': 'context_to_airflow_vars', 'context_available': True}, {'type': 'invented_method', 'detail': ""Method 'context_to_airflow_vars' not found in airflow API"", 'call': 'context_to_airflow_vars', 'context_available': True}, {'type': 'invented_method', 'detail': ""Method 'context_to_airflow_vars' not found in airflow API"", 'call': 'context_to_airflow_vars', 'context_available': True}, {'type': 'inv",,1.0,0.00,0,,,,"Build a comprehensive Airflow DAG with task dependencies, sensors, hooks, and dynamic task mapping",0,b29a435e2d3d,,0,efde1dcf178d
hallucination,synsc-context,"[{'type': 'wrong_parameter', 'detail': ""Parameter 'cache_policy' not valid for task()"", 'call': 'task', 'parameter': 'cache_policy', 'context_available': True}, {'type': 'wrong_parameter', 'detail': ""Parameter 'hours' not valid for task()"", 'call': 'task', 'parameter': 'hours', 'context_available': True}, {'type': 'wrong_parameter', 'detail': ""Parameter 'cache_policy' not valid for task()"", 'call': 'task', 'parameter': 'cache_policy', 'context_available': True}, {'type': 'wrong_parameter', 'deta",,1.0,0.00,0,,,,"Create a comprehensive Prefect 2 flow with tasks, retries, caching, and deployment configuration",0,b29a435e2d3d,,0,2b52c85da34a
hallucination,synsc-context,"[{'type': 'invented_method', 'detail': ""Method 'grpc.unary_unary_rpc_method_handler' not found in grpc API"", 'call': 'grpc.unary_unary_rpc_method_handler', 'context_available': True}]",,1.0,0.00,0,,,,"Implement a comprehensive gRPC service with protobuf, streaming, interceptors, and health checks in Python",0,b29a435e2d3d,,0,87e690fa281a
hallucination,synsc-context,,,0.0,0.00,0,,,,"Build a FastAPI WebSocket server with connection management, broadcasting, and heartbeat",0,b29a435e2d3d,,0,e386a8dd46af
hallucination,synsc-context,"[{'type': 'wrong_parameter', 'detail': ""Parameter 'default_factory' not valid for Field()"", 'call': 'Field', 'parameter': 'default_factory', 'context_available': True}, {'type': 'wrong_parameter', 'detail': ""Parameter 'default_factory' not valid for Field()"", 'call': 'Field', 'parameter': 'default_factory', 'context_available': True}, {'type': 'wrong_parameter', 'detail': ""Parameter 'default_factory' not valid for Field()"", 'call': 'Field', 'parameter': 'default_factory', 'context_available': Tr",,1.0,0.00,0,,,,"Create a SQLModel application with models, relationships, and async database operations",0,b29a435e2d3d,,0,471a2d9d1f7b
hallucination,synsc-context,"[{'type': 'invented_method', 'detail': ""Method 'tauri.conf.json' not found in tauri API"", 'call': 'tauri.conf.json', 'context_available': True}]",,1.0,0.00,0,,,,"Build a Tauri desktop application with commands, state management, and event system using Rust backend",0,b29a435e2d3d,,0,05165bbd2670
hallucination,synsc-context,,,0.0,0.00,0,,,,"Implement a comprehensive Pytest-BDD test suite with scenarios, step definitions, and fixtures",0,b29a435e2d3d,,0,a6e6111060c2
hallucination,synsc-context,,,0.0,0.00,0,,,,"Create a Pydantic AI agent with tool definitions, structured output, and retry handling",0,b29a435e2d3d,,0,f2556587809e
hallucination,synsc-context,"[{'type': 'invented_method', 'detail': ""Method 'RegexPipelineError' not found in re API"", 'call': 'RegexPipelineError', 'context_available': True}, {'type': 'invented_method', 'detail': ""Method 'register' not found in re API"", 'call': 'register', 'context_available': True}, {'type': 'invented_method', 'detail': ""Method 'RegexPipelineError' not found in re API"", 'call': 'RegexPipelineError', 'context_available': True}, {'type': 'invented_method', 'detail': ""Method 'RegexPipelineError' not found i",,1.0,0.00,0,,,,"Build a comprehensive Regex pattern matching pipeline with named groups, lookahead, and Unicode support",0,b29a435e2d3d,,0,7bafdb28cb00
hallucination,synsc-context,"[{'type': 'wrong_parameter', 'detail': ""Parameter 'ge' not valid for Field()"", 'call': 'Field', 'parameter': 'ge', 'context_available': True}, {'type': 'wrong_parameter', 'detail': ""Parameter 'le' not valid for Field()"", 'call': 'Field', 'parameter': 'le', 'context_available': True}]",,1.0,0.00,0,,,,"Create a Pydantic dataclass with field aliases, discriminated unions, and custom JSON encoders",0,b29a435e2d3d,,0,96eff2312bcc
hallucination,synsc-context,,,0.0,0.00,0,,,,Implement a complete HTMX-powered Django application with server-sent events and WebSocket fallback,0,b29a435e2d3d,,0,974b9c4350ae
hallucination,synsc-context,,,0.0,0.00,0,,,,"Build a Neon serverless Postgres application with connection pooling, branching, and edge functions",0,b29a435e2d3d,,0,bfd281f1ae58
hallucination,synsc-context,"[{'type': 'invented_method', 'detail': ""Method 'TRPCErrorCode' not found in trpc API"", 'call': 'TRPCErrorCode', 'context_available': True}]",,1.0,0.00,0,,,,"Create a comprehensive tRPC API with routers, middleware, subscriptions, and React integration",0,b29a435e2d3d,,0,85ff7fdfe70d
