run_id,trace_id,engine,benchmark_type,query_id,query_text,num_results,latency_ms,error,error_category,primary_repo,primary_language,total_tokens_returned,relevant_tokens_returned,token_efficiency,mrr,ndcg@1,ndcg@10,ndcg@3,ndcg@5,precision@1,precision@10,precision@3,precision@5,recall@1,recall@10,recall@3,recall@5
e54d023a07f7,e3fa4817bb26,context7,retrieval,q001,How to define a POST endpoint with request body validation in FastAPI,1,2623.61,,,/fastapi/fastapi,python,1099,1099,1.000,1.0,1.0,1.0,1.0,1.0,1.0,1.0,1.0,1.0,0.2,0.2,0.2,0.2
e54d023a07f7,af6d2684a6bf,context7,retrieval,q002,Implement custom exception handler middleware,0,0.00,,no_results,,,0,0,,0.0,0.0,0.0,0.0,0.0,0.0,0.0,0.0,0.0,0.0,0.0,0.0,0.0
e54d023a07f7,bfb7fe7f0946,context7,retrieval,q003,BaseModel validator decorator for field validation,0,0.00,,no_results,,,0,0,,0.0,0.0,0.0,0.0,0.0,0.0,0.0,0.0,0.0,0.0,0.0,0.0,0.0
e54d023a07f7,8df1c9bcd83c,context7,retrieval,q004,async HTTP client with retry and timeout configuration,0,0.00,,no_results,,,0,0,,0.0,0.0,0.0,0.0,0.0,0.0,0.0,0.0,0.0,0.0,0.0,0.0,0.0
e54d023a07f7,2e67db7d66a8,context7,retrieval,q005,WebSocket connection handling and broadcasting,0,0.00,,no_results,,,0,0,,0.0,0.0,0.0,0.0,0.0,0.0,0.0,0.0,0.0,0.0,0.0,0.0,0.0
e54d023a07f7,669c55b92e73,context7,retrieval,q006,How to use dependency injection with database sessions,0,0.00,,no_results,,,0,0,,0.0,0.0,0.0,0.0,0.0,0.0,0.0,0.0,0.0,0.0,0.0,0.0,0.0
e54d023a07f7,53835b16b70e,context7,retrieval,q007,Configure CORS middleware with allowed origins,0,0.00,,no_results,,,0,0,,0.0,0.0,0.0,0.0,0.0,0.0,0.0,0.0,0.0,0.0,0.0,0.0,0.0
e54d023a07f7,a315b80e3570,nia,retrieval,q001,How to define a POST endpoint with request body validation in FastAPI,5,1606.33,,,,,2501,1159,0.463,1.0,1.0,0.8529278650606567,0.46927872602275644,0.8529278650606567,1.0,0.6,0.3333333333333333,0.6,0.2,0.6,0.2,0.6
e54d023a07f7,557040dc21dd,context7,retrieval,q008,Pydantic model serialization with custom JSON encoders,1,1963.53,,,/pydantic/pydantic,python,1515,1515,1.000,1.0,1.0,1.0,1.0,1.0,1.0,1.0,1.0,1.0,0.3333333333333333,0.3333333333333333,0.3333333333333333,0.3333333333333333
e54d023a07f7,5b1698581059,context7,retrieval,q009,streaming response for large file downloads,0,0.00,,no_results,,,0,0,,0.0,0.0,0.0,0.0,0.0,0.0,0.0,0.0,0.0,0.0,0.0,0.0,0.0
e54d023a07f7,b7ca52072654,context7,retrieval,q010,HTTP/2 support and connection pooling configuration,0,0.00,,no_results,,,0,0,,0.0,0.0,0.0,0.0,0.0,0.0,0.0,0.0,0.0,0.0,0.0,0.0,0.0
e54d023a07f7,bda7c4a6b646,synsc-context,retrieval,q001,How to define a POST endpoint with request body validation in FastAPI,10,8250.24,,,fastapi/fastapi,python,4562,1720,0.377,0.5,0.0,0.8328978515038054,0.5307212739772434,0.6608397947263839,0.0,0.9,0.6666666666666666,0.8,0.0,1.8,0.4,0.8
e54d023a07f7,519db1960d8d,context7,retrieval,q011,Django ORM queryset filtering with Q objects for complex lookups,1,2357.15,,,/django/django,python,835,835,1.000,1.0,1.0,1.0,1.0,1.0,1.0,1.0,1.0,1.0,0.2,0.2,0.2,0.2
e54d023a07f7,fb05567d2e40,nia,retrieval,q002,Implement custom exception handler middleware,10,1066.06,,,,,3004,0,,0.0,0.0,0.0,0.0,0.0,0.0,0.0,0.0,0.0,0.0,0.0,0.0,0.0
e54d023a07f7,232c1054b687,context7,retrieval,q012,Django model field definition with validators and choices,1,1984.82,,,/django/django,python,1209,1209,1.000,1.0,1.0,1.0,1.0,1.0,1.0,1.0,1.0,1.0,0.16666666666666666,0.16666666666666666,0.16666666666666666,0.16666666666666666
e54d023a07f7,8f32283f0fc4,nia,retrieval,q003,BaseModel validator decorator for field validation,10,1028.24,,,,,4447,0,,0.0,0.0,0.0,0.0,0.0,0.0,0.0,0.0,0.0,0.0,0.0,0.0,0.0
e54d023a07f7,a1f560f664a4,context7,retrieval,q013,Django middleware processing request and response hooks,1,1820.88,,,/django/django,python,905,0,,0.0,0.0,0.0,0.0,0.0,0.0,0.0,0.0,0.0,0.0,0.0,0.0,0.0
e54d023a07f7,4e82628ba603,synsc-context,retrieval,q002,Implement custom exception handler middleware,10,5626.18,,,encode/starlette,python,7159,2176,0.304,1.0,1.0,0.7585866543655181,0.46927872602275644,0.46927872602275644,1.0,0.3,0.3333333333333333,0.2,0.3333333333333333,1.0,0.3333333333333333,0.3333333333333333
e54d023a07f7,ddc0d895cf61,context7,retrieval,q014,Django authentication backend and login view implementation,1,2423.29,,,/django/django,python,2396,2396,1.000,1.0,1.0,1.0,1.0,1.0,1.0,1.0,1.0,1.0,0.16666666666666666,0.16666666666666666,0.16666666666666666,0.16666666666666666
e54d023a07f7,afcd165eb58a,nia,retrieval,q004,async HTTP client with retry and timeout configuration,10,1169.80,,,,,5639,5036,0.893,1.0,1.0,0.886759288789469,0.7653606369886217,0.5531464700081437,1.0,0.7,0.6666666666666666,0.4,0.25,1.75,0.5,0.5
e54d023a07f7,46b8c3aa666a,context7,retrieval,q015,Django class-based views with mixins for permissions,1,2313.72,,,/django/django,python,1176,1176,1.000,1.0,1.0,1.0,1.0,1.0,1.0,1.0,1.0,1.0,0.2,0.2,0.2,0.2
e54d023a07f7,22f6603a25a6,nia,retrieval,q005,WebSocket connection handling and broadcasting,10,1025.86,,,,,3131,2533,0.809,1.0,1.0,0.9643632283499571,1.0,0.8539316501572937,1.0,0.7,1.0,0.8,0.3333333333333333,2.3333333333333335,1.0,1.3333333333333333
e54d023a07f7,46ddcae17ef0,synsc-context,retrieval,q003,BaseModel validator decorator for field validation,10,7887.91,,,pydantic/pydantic,python,16750,2849,0.170,1.0,1.0,0.9238850086262381,0.7601875334318685,0.9238850086262381,1.0,0.2,0.3333333333333333,0.4,0.25,0.5,0.25,0.5
e54d023a07f7,f4be37a3d5b2,context7,retrieval,q016,Django database migration operations and schema editor,1,4463.59,,,/django/django,python,1579,1579,1.000,1.0,1.0,1.0,1.0,1.0,1.0,1.0,1.0,1.0,0.16666666666666666,0.16666666666666666,0.16666666666666666,0.16666666666666666
e54d023a07f7,41cd90c060fd,nia,retrieval,q006,How to use dependency injection with database sessions,10,1250.21,,,,,4876,163,0.033,0.3333333333333333,0.0,0.5,0.5,0.5,0.0,0.1,0.3333333333333333,0.2,0.0,0.2,0.2,0.2
e54d023a07f7,087294126bdb,context7,retrieval,q017,Django signals post_save and pre_delete receiver registration,1,2404.30,,,/django/django,python,1946,1946,1.000,1.0,1.0,1.0,1.0,1.0,1.0,1.0,1.0,1.0,0.25,0.25,0.25,0.25
e54d023a07f7,e74fee1aafd7,synsc-context,retrieval,q004,async HTTP client with retry and timeout configuration,10,6546.92,,,aio-libs/aiohttp,python,17181,15770,0.918,1.0,0.5,0.8295278482998963,0.5307212739772434,0.6062518444202161,1.0,0.9,0.6666666666666666,0.8,0.25,2.25,0.5,1.0
e54d023a07f7,4de3988ba24d,nia,retrieval,q007,Configure CORS middleware with allowed origins,10,1266.59,,,,,3086,713,0.231,0.2,0.0,0.45560514958746035,0.0,0.23719771276929622,0.0,0.2,0.0,0.2,0.0,1.0,0.0,0.5
e54d023a07f7,f3ace39cf391,context7,retrieval,q018,Django template engine custom tags and filters,1,2466.74,,,/django/django,python,939,939,1.000,1.0,1.0,1.0,1.0,1.0,1.0,1.0,1.0,1.0,0.2,0.2,0.2,0.2
e54d023a07f7,023488eaf8a1,context7,retrieval,q019,Django form validation and clean methods,1,2058.60,,,/django/django,python,1251,1251,1.000,1.0,1.0,1.0,1.0,1.0,1.0,1.0,1.0,1.0,0.2,0.2,0.2,0.2
e54d023a07f7,5f979c266ec1,nia,retrieval,q008,Pydantic model serialization with custom JSON encoders,10,986.55,,,,,4060,425,0.105,1.0,1.0,1.0,1.0,1.0,1.0,0.1,0.3333333333333333,0.2,0.3333333333333333,0.3333333333333333,0.3333333333333333,0.3333333333333333
e54d023a07f7,90ab8f1576d9,synsc-context,retrieval,q005,WebSocket connection handling and broadcasting,10,5734.74,,,synthetic-sciences/SynSci-Context-Bench,python,11620,10288,0.885,1.0,1.0,0.9888026041880242,1.0,1.0,1.0,0.8,1.0,1.0,0.3333333333333333,2.6666666666666665,1.0,1.6666666666666667
e54d023a07f7,7864c34a4595,context7,retrieval,q020,Django URL routing with path converters and named patterns,1,2657.74,,,/django/django,python,1550,1550,1.000,1.0,1.0,1.0,1.0,1.0,1.0,1.0,1.0,1.0,0.25,0.25,0.25,0.25
e54d023a07f7,d2b10c81667b,nia,retrieval,q009,streaming response for large file downloads,10,1451.32,,,,,3203,0,,0.0,0.0,0.0,0.0,0.0,0.0,0.0,0.0,0.0,0.0,0.0,0.0,0.0
e54d023a07f7,882d5464352c,context7,retrieval,q021,Django cache framework backend configuration and usage,1,2277.01,,,/django/django,python,839,839,1.000,1.0,1.0,1.0,1.0,1.0,1.0,1.0,1.0,1.0,0.2,0.2,0.2,0.2
e54d023a07f7,333da644aa48,synsc-context,retrieval,q006,How to use dependency injection with database sessions,10,5936.98,,,synthetic-sciences/research-paper-context,python,9036,1840,0.204,1.0,1.0,0.7977228895450266,0.6131471927654584,0.6131471927654584,1.0,0.2,0.3333333333333333,0.2,0.2,0.4,0.2,0.2
e54d023a07f7,704365d86d7f,context7,retrieval,q022,Django REST serializer-like model_to_dict and serialization,1,2775.56,,,/django/django,python,934,934,1.000,1.0,1.0,1.0,1.0,1.0,1.0,1.0,1.0,1.0,0.25,0.25,0.25,0.25
e54d023a07f7,eca8dde3c5e3,nia,retrieval,q010,HTTP/2 support and connection pooling configuration,10,1029.28,,,,,3866,516,0.134,0.16666666666666666,0.0,0.41183384043543503,0.0,0.0,0.0,0.2,0.0,0.0,0.0,0.6666666666666666,0.0,0.0
e54d023a07f7,abb60cae68d9,context7,retrieval,q023,Django test client and RequestFactory for unit tests,1,2435.70,,,/django/django,python,1691,1691,1.000,1.0,1.0,1.0,1.0,1.0,1.0,1.0,1.0,1.0,0.25,0.25,0.25,0.25
e54d023a07f7,1f209b4b70f3,nia,retrieval,q011,Django ORM queryset filtering with Q objects for complex lookups,10,1025.41,,,,,4853,4853,1.000,1.0,1.0,1.0,1.0,1.0,1.0,1.0,1.0,1.0,0.2,2.0,0.6,1.0
e54d023a07f7,04feb28e6ba3,synsc-context,retrieval,q007,Configure CORS middleware with allowed origins,10,6047.72,,,django/django,python,9629,1992,0.207,1.0,1.0,0.9197207891481876,0.9197207891481876,0.9197207891481876,1.0,0.2,0.6666666666666666,0.4,0.5,1.0,1.0,1.0
e54d023a07f7,c608ce97693d,context7,retrieval,q024,Django admin site customization with ModelAdmin options,1,1884.19,,,/django/django,python,1864,1864,1.000,1.0,1.0,1.0,1.0,1.0,1.0,1.0,1.0,1.0,0.2,0.2,0.2,0.2
e54d023a07f7,8406b30aa686,context7,retrieval,q025,Django CSRF protection middleware and token handling,1,1962.52,,,/django/django,python,914,914,1.000,1.0,1.0,1.0,1.0,1.0,1.0,1.0,1.0,1.0,0.25,0.25,0.25,0.25
e54d023a07f7,7a27429f8aef,nia,retrieval,q012,Django model field definition with validators and choices,10,1049.89,,,,,3538,530,0.150,0.5,0.0,0.6509209298071326,0.38685280723454163,0.6509209298071326,0.0,0.2,0.3333333333333333,0.4,0.0,0.3333333333333333,0.16666666666666666,0.3333333333333333
e54d023a07f7,242bdbf30088,context7,retrieval,q026,Flask application factory pattern with blueprints,1,1821.25,,,/pallets/flask,python,1191,1191,1.000,1.0,1.0,1.0,1.0,1.0,1.0,1.0,1.0,1.0,0.25,0.25,0.25,0.25
e54d023a07f7,50a54f73da10,synsc-context,retrieval,q008,Pydantic model serialization with custom JSON encoders,10,7411.80,,,pydantic/pydantic,python,14655,2130,0.145,0.2,0.0,0.38685280723454163,0.0,0.38685280723454163,0.0,0.1,0.0,0.2,0.0,0.3333333333333333,0.0,0.3333333333333333
e54d023a07f7,a8570030082a,nia,retrieval,q013,Django middleware processing request and response hooks,10,1103.23,,,,,5167,2038,0.394,1.0,1.0,0.7737459235132744,0.46927872602275644,0.46927872602275644,1.0,0.3,0.3333333333333333,0.2,0.2,0.6,0.2,0.2
e54d023a07f7,5cf5ca525745,context7,retrieval,q027,Flask request context and application context management,1,1883.60,,,/pallets/flask,python,1809,1809,1.000,1.0,1.0,1.0,1.0,1.0,1.0,1.0,1.0,1.0,0.25,0.25,0.25,0.25
e54d023a07f7,379202ab2e91,context7,retrieval,q028,Flask route decorator with HTTP methods and URL rules,1,2155.56,,,/pallets/flask,python,830,830,1.000,1.0,1.0,1.0,1.0,1.0,1.0,1.0,1.0,1.0,0.3333333333333333,0.3333333333333333,0.3333333333333333,0.3333333333333333
e54d023a07f7,1776df2a05a7,nia,retrieval,q014,Django authentication backend and login view implementation,10,1462.73,,,,,3551,2668,0.751,1.0,1.0,0.9799214801447083,1.0,1.0,1.0,0.7,1.0,1.0,0.16666666666666666,1.1666666666666667,0.5,0.8333333333333334
e54d023a07f7,f44a60d84708,context7,retrieval,q029,Flask error handler registration for HTTP status codes,1,2673.61,,,/pallets/flask,python,1385,1385,1.000,1.0,1.0,1.0,1.0,1.0,1.0,1.0,1.0,1.0,0.3333333333333333,0.3333333333333333,0.3333333333333333,0.3333333333333333
e54d023a07f7,340a33ef3f8d,synsc-context,retrieval,q009,streaming response for large file downloads,10,6816.54,,,aio-libs/aiohttp,python,18188,14487,0.797,1.0,1.0,0.9963488021549354,1.0,1.0,1.0,0.8,1.0,1.0,0.3333333333333333,2.6666666666666665,1.0,1.6666666666666667
e54d023a07f7,3fd2d3321630,context7,retrieval,q030,Flask session interface and cookie-based sessions,1,2262.40,,,/pallets/flask,python,1691,1691,1.000,1.0,1.0,1.0,1.0,1.0,1.0,1.0,1.0,1.0,0.3333333333333333,0.3333333333333333,0.3333333333333333,0.3333333333333333
e54d023a07f7,31f60d471869,nia,retrieval,q015,Django class-based views with mixins for permissions,10,1286.68,,,,,3567,703,0.197,0.5,0.0,0.5802792108518124,0.38685280723454163,0.38685280723454163,0.0,0.2,0.3333333333333333,0.2,0.0,0.4,0.2,0.2
e54d023a07f7,c8aa0921302d,context7,retrieval,q031,Flask template rendering with Jinja2 context processors,1,2365.24,,,/pallets/flask,python,1165,1165,1.000,1.0,1.0,1.0,1.0,1.0,1.0,1.0,1.0,1.0,0.3333333333333333,0.3333333333333333,0.3333333333333333,0.3333333333333333
e54d023a07f7,6eb5c6d6a30a,nia,retrieval,q016,Django database migration operations and schema editor,10,1055.72,,,,,5195,0,,0.0,0.0,0.0,0.0,0.0,0.0,0.0,0.0,0.0,0.0,0.0,0.0,0.0
e54d023a07f7,587c6c476a8d,synsc-context,retrieval,q010,HTTP/2 support and connection pooling configuration,10,6988.86,,,aio-libs/aiohttp,python,17928,2406,0.134,1.0,1.0,0.8065735963827293,0.6131471927654584,0.6131471927654584,1.0,0.2,0.3333333333333333,0.2,0.3333333333333333,0.6666666666666666,0.3333333333333333,0.3333333333333333
e54d023a07f7,562c6e9cba22,context7,retrieval,q032,Flask before_request and after_request hook decorators,1,1852.01,,,/pallets/flask,python,1616,1616,1.000,1.0,1.0,1.0,1.0,1.0,1.0,1.0,1.0,1.0,0.3333333333333333,0.3333333333333333,0.3333333333333333,0.3333333333333333
e54d023a07f7,a56e9e92eac6,context7,retrieval,q033,Flask CLI commands with click integration,1,2195.97,,,/pallets/flask,python,937,937,1.000,1.0,1.0,1.0,1.0,1.0,1.0,1.0,1.0,1.0,0.3333333333333333,0.3333333333333333,0.3333333333333333,0.3333333333333333
e54d023a07f7,9dbee76e1614,nia,retrieval,q017,Django signals post_save and pre_delete receiver registration,10,1048.47,,,,,3539,1520,0.430,1.0,1.0,0.7946775459209724,0.46927872602275644,0.5413996682199069,1.0,0.4,0.3333333333333333,0.4,0.25,1.0,0.25,0.5
e54d023a07f7,6033b02303a3,context7,retrieval,q034,Flask JSON response and jsonify helper function,1,2189.28,,,/pallets/flask,json,1524,1524,1.000,1.0,1.0,1.0,1.0,1.0,1.0,1.0,1.0,1.0,0.3333333333333333,0.3333333333333333,0.3333333333333333,0.3333333333333333
e54d023a07f7,203d53c67bd6,synsc-context,retrieval,q011,Django ORM queryset filtering with Q objects for complex lookups,10,6412.91,,,django/django,python,14538,14538,1.000,1.0,1.0,0.9683968059898864,0.8826803184943108,0.9015629611050541,1.0,1.0,1.0,1.0,0.2,2.0,0.6,1.0
e54d023a07f7,bb0a17494575,nia,retrieval,q018,Django template engine custom tags and filters,10,997.16,,,,,4429,1715,0.387,0.5,0.0,0.7057102966193831,0.5307212739772434,0.38356636737133565,0.0,0.5,0.6666666666666666,0.4,0.0,1.0,0.4,0.4
e54d023a07f7,ba0326813586,context7,retrieval,q035,Flask extension initialization pattern with init_app,1,1970.17,,,/pallets/flask,python,1281,1281,1.000,1.0,1.0,1.0,1.0,1.0,1.0,1.0,1.0,1.0,0.3333333333333333,0.3333333333333333,0.3333333333333333,0.3333333333333333
e54d023a07f7,94b83489241d,nia,retrieval,q019,Django form validation and clean methods,10,941.30,,,,,3008,876,0.291,1.0,1.0,0.8773497378596238,0.7653606369886217,0.6366824387328317,1.0,0.4,0.6666666666666666,0.4,0.2,0.8,0.4,0.4
e54d023a07f7,6dc6ab1f660d,synsc-context,retrieval,q012,Django model field definition with validators and choices,10,6552.96,,,django/django,python,16688,16688,1.000,1.0,1.0,0.9356698167116769,0.8519590445170673,0.8073332658149857,1.0,1.0,1.0,1.0,0.16666666666666666,1.6666666666666667,0.5,0.8333333333333334
e54d023a07f7,3f947c72628d,context7,retrieval,q036,SQLAlchemy declarative model definition with mapped_column,1,4197.44,,,/sqlalchemy/sqlalchemy,python,2068,2068,1.000,1.0,1.0,1.0,1.0,1.0,1.0,1.0,1.0,1.0,0.2,0.2,0.2,0.2
e54d023a07f7,fab8ea85078b,nia,retrieval,q020,Django URL routing with path converters and named patterns,6,975.06,,,,,1065,858,0.806,0.25,0.0,0.5508095940041026,0.0,0.38364913903790027,0.0,0.5,0.0,0.4,0.0,0.75,0.0,0.5
e54d023a07f7,0bdaca2c7665,context7,retrieval,q037,SQLAlchemy session management and unit of work pattern,1,2093.75,,,/sqlalchemy/sqlalchemy,python,1350,1350,1.000,1.0,1.0,1.0,1.0,1.0,1.0,1.0,1.0,1.0,0.2,0.2,0.2,0.2
e54d023a07f7,67ddd7523c8e,context7,retrieval,q038,SQLAlchemy relationship configuration with back_populates and lazy loading,1,2061.66,,,/sqlalchemy/sqlalchemy,python,1625,1625,1.000,1.0,1.0,1.0,1.0,1.0,1.0,1.0,1.0,1.0,0.2,0.2,0.2,0.2
e54d023a07f7,cfb662dd2f47,synsc-context,retrieval,q013,Django middleware processing request and response hooks,10,5974.25,,,django/django,python,12729,10549,0.829,1.0,1.0,0.9585846395487458,0.8826803184943108,0.8254016714403228,1.0,0.9,1.0,0.8,0.2,1.8,0.6,0.8
e54d023a07f7,87c7908517fa,nia,retrieval,q021,Django cache framework backend configuration and usage,10,1451.82,,,,,4009,4009,1.000,1.0,1.0,1.0,1.0,1.0,1.0,1.0,1.0,1.0,0.2,2.0,0.6,1.0
e54d023a07f7,5a7154dac744,context7,retrieval,q039,SQLAlchemy core select statement with joins and subqueries,1,2947.92,,,/sqlalchemy/sqlalchemy,python,1185,1185,1.000,1.0,1.0,1.0,1.0,1.0,1.0,1.0,1.0,1.0,0.16666666666666666,0.16666666666666666,0.16666666666666666,0.16666666666666666
e54d023a07f7,94fba8edac3e,nia,retrieval,q022,Django REST serializer-like model_to_dict and serialization,10,1042.30,,,,,2786,358,0.129,0.2,0.0,0.38685280723454163,0.0,0.38685280723454163,0.0,0.1,0.0,0.2,0.0,0.25,0.0,0.25
e54d023a07f7,687cfb5482d1,context7,retrieval,q040,SQLAlchemy engine creation and connection pool configuration,1,2087.30,,,/sqlalchemy/sqlalchemy,python,1401,1401,1.000,1.0,1.0,1.0,1.0,1.0,1.0,1.0,1.0,1.0,0.25,0.25,0.25,0.25
e54d023a07f7,3003d0bd597f,synsc-context,retrieval,q014,Django authentication backend and login view implementation,10,6821.54,,,django/django,python,11364,11364,1.000,1.0,1.0,1.0,1.0,1.0,1.0,1.0,1.0,1.0,0.16666666666666666,1.6666666666666667,0.5,0.8333333333333334
e54d023a07f7,088f2e95a818,context7,retrieval,q041,SQLAlchemy event listeners for before_insert and after_update,1,2468.22,,,/sqlalchemy/sqlalchemy,python,1766,1766,1.000,1.0,1.0,1.0,1.0,1.0,1.0,1.0,1.0,1.0,0.25,0.25,0.25,0.25
e54d023a07f7,eefbf3c068ff,nia,retrieval,q023,Django test client and RequestFactory for unit tests,10,1126.91,,,,,3251,2470,0.760,1.0,1.0,0.867094553178374,0.7039180890341347,0.639945385422766,1.0,0.6,0.6666666666666666,0.6,0.25,1.5,0.5,0.75
e54d023a07f7,1f3bace72d34,context7,retrieval,q042,SQLAlchemy hybrid property and expression for computed attributes,1,2467.99,,,/sqlalchemy/sqlalchemy,python,1259,1259,1.000,1.0,1.0,1.0,1.0,1.0,1.0,1.0,1.0,1.0,0.3333333333333333,0.3333333333333333,0.3333333333333333,0.3333333333333333
e54d023a07f7,d1a77d4ef67e,nia,retrieval,q024,Django admin site customization with ModelAdmin options,10,958.68,,,,,3070,0,,0.0,0.0,0.0,0.0,0.0,0.0,0.0,0.0,0.0,0.0,0.0,0.0,0.0
e54d023a07f7,d9d035d200ad,synsc-context,retrieval,q015,Django class-based views with mixins for permissions,10,6551.09,,,django/django,python,12253,9858,0.805,1.0,1.0,0.9251499812555535,0.8322824782867448,0.8526542464062051,1.0,0.8,1.0,0.8,0.2,1.6,0.6,0.8
e54d023a07f7,c87bd960e172,context7,retrieval,q043,SQLAlchemy Alembic-style migration with schema alteration,1,2620.50,,,/sqlalchemy/sqlalchemy,python,1152,1152,1.000,1.0,1.0,1.0,1.0,1.0,1.0,1.0,1.0,1.0,0.25,0.25,0.25,0.25
e54d023a07f7,5450525ecf2b,nia,retrieval,q025,Django CSRF protection middleware and token handling,10,1162.72,,,,,3685,555,0.151,0.25,0.0,0.43067655807339306,0.0,0.43067655807339306,0.0,0.1,0.0,0.2,0.0,0.25,0.0,0.25
e54d023a07f7,cf6c2f891862,context7,retrieval,q044,SQLAlchemy async session and engine for asyncio applications,1,2422.32,,,/sqlalchemy/sqlalchemy,python,1971,1971,1.000,1.0,1.0,1.0,1.0,1.0,1.0,1.0,1.0,1.0,0.25,0.25,0.25,0.25
e54d023a07f7,11b37b7f2e8f,synsc-context,retrieval,q016,Django database migration operations and schema editor,10,6651.06,,,django/django,python,16946,7405,0.437,1.0,1.0,0.9430980152071228,0.9651954696014428,0.8773621705237966,1.0,0.5,1.0,0.8,0.16666666666666666,0.8333333333333334,0.5,0.6666666666666666
e54d023a07f7,2ad38ae0897d,context7,retrieval,q045,Requests library session with persistent cookies and auth,1,2420.29,,,/psf/requests,python,2462,2462,1.000,1.0,1.0,1.0,1.0,1.0,1.0,1.0,1.0,1.0,0.25,0.25,0.25,0.25
e54d023a07f7,b2aa758b1729,nia,retrieval,q026,Flask application factory pattern with blueprints,10,1073.94,,,,,5247,5247,1.000,1.0,1.0,1.0,1.0,1.0,1.0,1.0,1.0,1.0,0.25,2.5,0.75,1.25
e54d023a07f7,60ea32794f4b,context7,retrieval,q046,Requests response content decoding and JSON parsing,1,2243.69,,,/psf/requests,python,1237,1237,1.000,1.0,1.0,1.0,1.0,1.0,1.0,1.0,1.0,1.0,0.3333333333333333,0.3333333333333333,0.3333333333333333,0.3333333333333333
e54d023a07f7,d1e753af052e,nia,retrieval,q027,Flask request context and application context management,10,1075.78,,,,,4829,117,0.024,0.25,0.0,0.43067655807339306,0.0,0.43067655807339306,0.0,0.1,0.0,0.2,0.0,0.25,0.0,0.25
e54d023a07f7,be684bd61370,synsc-context,retrieval,q017,Django signals post_save and pre_delete receiver registration,10,5627.48,,,django/django,python,8514,8514,1.000,1.0,1.0,1.0,1.0,1.0,1.0,1.0,1.0,1.0,0.25,2.5,0.75,1.25
e54d023a07f7,ff29d44dc322,context7,retrieval,q047,Requests SSL certificate verification and custom CA bundles,1,2327.09,,,/psf/requests,python,1129,1129,1.000,1.0,1.0,1.0,1.0,1.0,1.0,1.0,1.0,1.0,0.3333333333333333,0.3333333333333333,0.3333333333333333,0.3333333333333333
e54d023a07f7,f171b2b0569e,context7,retrieval,q048,Requests retry strategy with HTTPAdapter and urllib3,1,2134.21,,,/psf/requests,python,1199,1199,1.000,1.0,1.0,1.0,1.0,1.0,1.0,1.0,1.0,1.0,0.3333333333333333,0.3333333333333333,0.3333333333333333,0.3333333333333333
e54d023a07f7,6b4d3ddd4705,nia,retrieval,q028,Flask route decorator with HTTP methods and URL rules,10,1000.53,,,,,4606,3937,0.855,1.0,1.0,0.9842184869190973,1.0,1.0,1.0,0.9,1.0,1.0,0.3333333333333333,3.0,1.0,1.6666666666666667
e54d023a07f7,f23026f8b9ee,context7,retrieval,q049,Requests file upload with multipart form data,1,2721.60,,,/psf/requests,python,919,919,1.000,1.0,1.0,1.0,1.0,1.0,1.0,1.0,1.0,1.0,0.3333333333333333,0.3333333333333333,0.3333333333333333,0.3333333333333333
e54d023a07f7,2256e4600c28,synsc-context,retrieval,q018,Django template engine custom tags and filters,10,8160.62,,,django/django,python,15686,15686,1.000,1.0,0.5,0.8781329361553802,0.617319681505689,0.8398625486866789,1.0,1.0,1.0,1.0,0.2,2.0,0.6,1.0
e54d023a07f7,723aa5accb34,nia,retrieval,q029,Flask error handler registration for HTTP status codes,10,1505.94,,,,,4428,3507,0.792,1.0,1.0,0.9489415452074045,1.0,0.7227265726449519,1.0,0.6,1.0,0.6,0.3333333333333333,2.0,1.0,1.0
e54d023a07f7,696ca4a05a07,context7,retrieval,q050,Requests hooks and event callbacks on response,1,2546.34,,,/psf/requests,python,1477,1477,1.000,1.0,1.0,1.0,1.0,1.0,1.0,1.0,1.0,1.0,0.3333333333333333,0.3333333333333333,0.3333333333333333,0.3333333333333333
e54d023a07f7,f39458bc490c,nia,retrieval,q030,Flask session interface and cookie-based sessions,10,1058.74,,,,,5090,2380,0.468,1.0,1.0,0.9223260797603763,0.7653606369886217,0.8048099750039491,1.0,0.4,0.6666666666666666,0.6,0.3333333333333333,1.3333333333333333,0.6666666666666666,1.0
e54d023a07f7,4ae52aa23ea3,context7,retrieval,q051,LangChain chat model interface and message types,1,4144.83,,,/langchain-ai/langchain,python,969,969,1.000,1.0,1.0,1.0,1.0,1.0,1.0,1.0,1.0,1.0,0.2,0.2,0.2,0.2
e54d023a07f7,4e3f6423d4f9,synsc-context,retrieval,q019,Django form validation and clean methods,10,7035.43,,,django/django,python,15243,15243,1.000,1.0,1.0,0.9518022599408099,0.8322824782867448,0.8622240278900382,1.0,1.0,1.0,1.0,0.2,2.0,0.6,1.0
e54d023a07f7,f9fd7f39632f,nia,retrieval,q031,Flask template rendering with Jinja2 context processors,10,1173.81,,,,,4681,1482,0.317,0.25,0.0,0.5883300173403988,0.0,0.3191471544989227,0.0,0.4,0.0,0.4,0.0,1.3333333333333333,0.0,0.6666666666666666
e54d023a07f7,8a70fba7c1f8,context7,retrieval,q052,LangChain chain composition with LCEL pipe operator,1,3452.93,,,/langchain-ai/langchain,python,909,909,1.000,1.0,1.0,1.0,1.0,1.0,1.0,1.0,1.0,1.0,0.2,0.2,0.2,0.2
e54d023a07f7,7a8d210e26ba,nia,retrieval,q032,Flask before_request and after_request hook decorators,10,1301.78,,,,,4648,2316,0.498,1.0,1.0,0.9493885684853097,1.0,0.8318724637288826,1.0,0.4,1.0,0.6,0.3333333333333333,1.3333333333333333,1.0,1.0
e54d023a07f7,3e0a07a17319,synsc-context,retrieval,q020,Django URL routing with path converters and named patterns,10,6110.04,,,django/django,python,11541,11541,1.000,1.0,0.5,0.8765325173012399,0.6480409554829326,0.7808501729798932,1.0,1.0,1.0,1.0,0.25,2.5,0.75,1.25
e54d023a07f7,fd52a0bc0857,context7,retrieval,q053,LangChain document loader and text splitter for RAG,1,3185.97,,,/langchain-ai/langchain,python,1246,1246,1.000,1.0,1.0,1.0,1.0,1.0,1.0,1.0,1.0,1.0,0.2,0.2,0.2,0.2
e54d023a07f7,7375c8168922,context7,retrieval,q054,LangChain vector store interface with similarity search,1,3183.85,,,/langchain-ai/langchain,python,895,895,1.000,1.0,1.0,1.0,1.0,1.0,1.0,1.0,1.0,1.0,0.25,0.25,0.25,0.25
e54d023a07f7,365ff3049a8e,nia,retrieval,q033,Flask CLI commands with click integration,10,1312.82,,,,,4546,4446,0.978,1.0,1.0,0.9971876401972101,1.0,1.0,1.0,0.9,1.0,1.0,0.3333333333333333,3.0,1.0,1.6666666666666667
e54d023a07f7,bf69286bf268,synsc-context,retrieval,q021,Django cache framework backend configuration and usage,10,5725.88,,,django/django,python,11924,11924,1.000,1.0,0.5,0.9334235959390283,0.8821211986607034,0.9065280314885752,1.0,1.0,1.0,1.0,0.2,2.0,0.6,1.0
e54d023a07f7,3b3841b82883,context7,retrieval,q055,LangChain prompt template with input variables and formatting,1,3494.71,,,/langchain-ai/langchain,python,958,958,1.000,1.0,1.0,1.0,1.0,1.0,1.0,1.0,1.0,1.0,0.25,0.25,0.25,0.25
e54d023a07f7,5923c0d44d78,nia,retrieval,q034,Flask JSON response and jsonify helper function,10,1025.91,,,,,4898,1563,0.319,1.0,1.0,0.8179809735263114,0.46927872602275644,0.6508205185601091,1.0,0.3,0.3333333333333333,0.4,0.3333333333333333,1.0,0.3333333333333333,0.6666666666666666
e54d023a07f7,698758506352,context7,retrieval,q056,LangChain output parser for structured JSON responses,1,3403.63,,,/langchain-ai/langchain,python,2459,0,,0.0,0.0,0.0,0.0,0.0,0.0,0.0,0.0,0.0,0.0,0.0,0.0,0.0
e54d023a07f7,560a37ca56b5,synsc-context,retrieval,q022,Django REST serializer-like model_to_dict and serialization,10,6247.23,,,django/django,python,15216,13046,0.857,1.0,0.5,0.7772059945051184,0.3987389739440937,0.5905552570151383,1.0,0.8,0.6666666666666666,0.8,0.25,2.0,0.5,1.0
e54d023a07f7,e5f5edc09ee9,nia,retrieval,q035,Flask extension initialization pattern with init_app,10,1261.28,,,,,5365,5275,0.983,1.0,1.0,0.9937947856332161,1.0,1.0,1.0,0.9,1.0,1.0,0.3333333333333333,3.0,1.0,1.6666666666666667
e54d023a07f7,6291325124d1,nia,retrieval,q036,SQLAlchemy declarative model definition with mapped_column,10,1039.63,,,,,6336,4980,0.786,1.0,0.5,0.8490203273711754,0.7341740173706042,0.7720604692214736,1.0,0.7,1.0,0.8,0.2,1.4,0.6,0.8
e54d023a07f7,d965df508068,synsc-context,retrieval,q023,Django test client and RequestFactory for unit tests,10,6135.68,,,django/django,python,15423,15423,1.000,1.0,1.0,1.0,1.0,1.0,1.0,1.0,1.0,1.0,0.25,2.5,0.75,1.25
e54d023a07f7,22d165bbe0cb,nia,retrieval,q037,SQLAlchemy session management and unit of work pattern,10,1094.21,,,,,5980,4593,0.768,1.0,0.5,0.8939899826478321,0.8821211986607034,0.797453441855842,1.0,0.8,1.0,0.8,0.2,1.6,0.6,0.8
e54d023a07f7,2271936793ea,context7,retrieval,q057,LangChain agent with tool binding and execution loop,1,11298.98,,,/langchain-ai/langchain,python,1510,1510,1.000,1.0,1.0,1.0,1.0,1.0,1.0,1.0,1.0,1.0,0.2,0.2,0.2,0.2
e54d023a07f7,ba3d2cd514d4,nia,retrieval,q038,SQLAlchemy relationship configuration with back_populates and lazy loading,10,1027.80,,,,,5319,4113,0.773,1.0,0.5,0.7836948910639417,0.5209090851403014,0.5221293293344146,1.0,0.6,0.6666666666666666,0.6,0.2,1.2,0.4,0.6
e54d023a07f7,1e60a45fa33d,synsc-context,retrieval,q024,Django admin site customization with ModelAdmin options,10,6352.39,,,django/django,python,12848,9663,0.752,1.0,1.0,0.9273731292083086,0.8519590445170673,0.8775416530133452,1.0,0.8,1.0,1.0,0.2,1.6,0.6,1.0
e54d023a07f7,934c036c3529,context7,retrieval,q058,LangChain callback handler for streaming and tracing,1,3416.84,,,/langchain-ai/langchain,python,1326,1326,1.000,1.0,1.0,1.0,1.0,1.0,1.0,1.0,1.0,1.0,0.25,0.25,0.25,0.25
e54d023a07f7,5a40eac8db76,nia,retrieval,q039,SQLAlchemy core select statement with joins and subqueries,10,1422.57,,,,,6543,6543,1.000,1.0,0.5,0.8797403209728136,0.680606056760201,0.7467366458934469,1.0,1.0,1.0,1.0,0.16666666666666666,1.6666666666666667,0.5,0.8333333333333334
e54d023a07f7,6c8f55516375,synsc-context,retrieval,q025,Django CSRF protection middleware and token handling,10,5829.50,,,django/django,python,9560,7191,0.752,1.0,1.0,0.9732473308731256,0.8826803184943108,0.9863520113014781,1.0,0.7,1.0,1.0,0.25,1.75,0.75,1.25
e54d023a07f7,9221f469e9a0,context7,retrieval,q059,LangChain memory and conversation history management,1,3899.43,,,/langchain-ai/langchain,python,1671,0,,0.0,0.0,0.0,0.0,0.0,0.0,0.0,0.0,0.0,0.0,0.0,0.0,0.0
e54d023a07f7,72160ab24ee3,nia,retrieval,q040,SQLAlchemy engine creation and connection pool configuration,10,1083.92,,,,,6476,4460,0.689,1.0,0.5,0.8603891614248064,0.8403030283801005,0.7642937333139903,1.0,0.7,1.0,0.8,0.25,1.75,0.75,1.0
e54d023a07f7,aa9f3c6c3708,context7,retrieval,q060,LangChain retriever interface and retrieval chain,1,4242.03,,,/langchain-ai/langchain,python,1158,1158,1.000,1.0,1.0,1.0,1.0,1.0,1.0,1.0,1.0,1.0,0.3333333333333333,0.3333333333333333,0.3333333333333333,0.3333333333333333
e54d023a07f7,038a0774a3c1,synsc-context,retrieval,q026,Flask application factory pattern with blueprints,10,6349.70,,,pallets/flask,python,16614,16614,1.000,1.0,0.5,0.8739131374433791,0.680606056760201,0.7467366458934469,1.0,1.0,1.0,1.0,0.25,2.5,0.75,1.25
e54d023a07f7,3e1633bf3af8,nia,retrieval,q041,SQLAlchemy event listeners for before_insert and after_update,10,1258.74,,,,,6540,5036,0.770,1.0,1.0,0.9532843550359268,0.9651954696014428,0.8773621705237966,1.0,0.7,1.0,0.8,0.25,1.75,0.75,1.0
e54d023a07f7,2eff0799fd4b,context7,retrieval,q061,PyTorch neural network module definition with forward pass,1,2569.75,,,/pytorch/pytorch,python,2193,2193,1.000,1.0,1.0,1.0,1.0,1.0,1.0,1.0,1.0,1.0,0.2,0.2,0.2,0.2
e54d023a07f7,dab583441b9d,nia,retrieval,q042,SQLAlchemy hybrid property and expression for computed attributes,10,936.13,,,,,6004,3713,0.618,1.0,1.0,0.9059817146281103,0.8403030283801005,0.6663180938082345,1.0,0.5,0.6666666666666666,0.4,0.3333333333333333,1.6666666666666667,0.6666666666666666,0.6666666666666666
e54d023a07f7,59a072df1764,context7,retrieval,q062,PyTorch autograd and custom backward function implementation,1,2467.44,,,/pytorch/pytorch,python,1684,1684,1.000,1.0,1.0,1.0,1.0,1.0,1.0,1.0,1.0,1.0,0.2,0.2,0.2,0.2
e54d023a07f7,6f5fdc8d9e82,synsc-context,retrieval,q027,Flask request context and application context management,10,6755.01,,,pallets/flask,python,14788,12841,0.868,1.0,0.5,0.8838369546914235,0.6480409554829326,0.7979793149825536,1.0,0.9,1.0,1.0,0.25,2.25,0.75,1.25
e54d023a07f7,3b1344cc1975,nia,retrieval,q043,SQLAlchemy Alembic-style migration with schema alteration,10,1117.36,,,,,5073,1457,0.287,0.5,0.0,0.5714285040141098,0.38685280723454163,0.38685280723454163,0.0,0.2,0.3333333333333333,0.2,0.0,0.5,0.25,0.25
e54d023a07f7,759eacff2cf5,context7,retrieval,q063,PyTorch DataLoader with custom Dataset and collate function,1,2550.85,,,/pytorch/pytorch,python,1193,1193,1.000,1.0,1.0,1.0,1.0,1.0,1.0,1.0,1.0,1.0,0.2,0.2,0.2,0.2
e54d023a07f7,d525e43811d1,context7,retrieval,q064,PyTorch optimizer SGD and Adam with learning rate scheduling,1,2724.70,,,/pytorch/pytorch,python,1208,1208,1.000,1.0,1.0,1.0,1.0,1.0,1.0,1.0,1.0,1.0,0.2,0.2,0.2,0.2
e54d023a07f7,6cc64d5a196d,nia,retrieval,q044,SQLAlchemy async session and engine for asyncio applications,10,1041.52,,,,,5143,3945,0.767,1.0,0.5,0.8553889517076494,0.6993694869720469,0.8375161037724467,1.0,0.7,1.0,1.0,0.25,1.75,0.75,1.25
e54d023a07f7,2b5cb94127aa,synsc-context,retrieval,q028,Flask route decorator with HTTP methods and URL rules,10,6654.13,,,aio-libs/aiohttp,python,16266,16266,1.000,1.0,1.0,1.0,1.0,1.0,1.0,1.0,1.0,1.0,0.3333333333333333,3.3333333333333335,1.0,1.6666666666666667
e54d023a07f7,2f7aad51369f,context7,retrieval,q065,PyTorch distributed data parallel training setup,1,2539.47,,,/pytorch/pytorch,python,1893,1893,1.000,1.0,1.0,1.0,1.0,1.0,1.0,1.0,1.0,1.0,0.2,0.2,0.2,0.2
e54d023a07f7,3bde5ea38cd1,nia,retrieval,q045,Requests library session with persistent cookies and auth,10,1000.79,,,,,4494,3723,0.829,1.0,0.5,0.8588673387806505,0.680606056760201,0.6487610063876911,1.0,0.9,1.0,0.8,0.25,2.25,0.75,1.0
e54d023a07f7,0380541f0a51,context7,retrieval,q066,PyTorch model saving and loading with state_dict,1,2274.82,,,/pytorch/pytorch,python,1059,1059,1.000,1.0,1.0,1.0,1.0,1.0,1.0,1.0,1.0,1.0,0.25,0.25,0.25,0.25
e54d023a07f7,ec731f16403c,synsc-context,retrieval,q029,Flask error handler registration for HTTP status codes,10,6248.31,,,django/django,python,12707,6090,0.479,1.0,1.0,0.8773497378596238,0.7653606369886217,0.6366824387328317,1.0,0.4,0.6666666666666666,0.4,0.3333333333333333,1.3333333333333333,0.6666666666666666,0.6666666666666666
e54d023a07f7,10fe520f3d6f,nia,retrieval,q046,Requests response content decoding and JSON parsing,10,916.47,,,,,3208,3208,1.000,1.0,1.0,1.0,1.0,1.0,1.0,1.0,1.0,1.0,0.3333333333333333,3.3333333333333335,1.0,1.6666666666666667
e54d023a07f7,ee08829773f8,context7,retrieval,q067,PyTorch tensor operations broadcasting and reshaping,1,2373.95,,,/pytorch/pytorch,python,1657,1657,1.000,1.0,1.0,1.0,1.0,1.0,1.0,1.0,1.0,1.0,0.25,0.25,0.25,0.25
e54d023a07f7,95011448ed39,context7,retrieval,q068,PyTorch convolutional neural network layers Conv2d and MaxPool2d,1,2446.39,,,/pytorch/pytorch,python,1832,1832,1.000,1.0,1.0,1.0,1.0,1.0,1.0,1.0,1.0,1.0,0.25,0.25,0.25,0.25
e54d023a07f7,e2bdedcb8e5f,nia,retrieval,q047,Requests SSL certificate verification and custom CA bundles,10,1024.23,,,,,2526,977,0.387,1.0,1.0,0.8175295903539445,0.6131471927654584,0.6131471927654584,1.0,0.2,0.3333333333333333,0.2,0.3333333333333333,0.6666666666666666,0.3333333333333333,0.3333333333333333
e54d023a07f7,f2982bafb54e,synsc-context,retrieval,q030,Flask session interface and cookie-based sessions,10,7063.45,,,django/django,python,14334,3903,0.272,1.0,1.0,1.0,1.0,1.0,1.0,0.2,0.6666666666666666,0.4,0.3333333333333333,0.6666666666666666,0.6666666666666666,0.6666666666666666
e54d023a07f7,ad59cc05b4ce,context7,retrieval,q069,PyTorch loss functions cross entropy and MSE,1,2568.52,,,/pytorch/pytorch,python,1473,1473,1.000,1.0,1.0,1.0,1.0,1.0,1.0,1.0,1.0,1.0,0.25,0.25,0.25,0.25
e54d023a07f7,ef7a67eca382,nia,retrieval,q048,Requests retry strategy with HTTPAdapter and urllib3,10,1048.77,,,,,4475,4307,0.962,1.0,0.5,0.8392411560662605,0.680606056760201,0.6376620562607138,1.0,0.8,1.0,0.8,0.3333333333333333,2.6666666666666665,1.0,1.3333333333333333
e54d023a07f7,a43657b33fc3,context7,retrieval,q070,PyTorch mixed precision training with autocast and GradScaler,1,2452.30,,,/pytorch/pytorch,python,1296,1296,1.000,1.0,1.0,1.0,1.0,1.0,1.0,1.0,1.0,1.0,0.25,0.25,0.25,0.25
e54d023a07f7,399babe146e6,context7,retrieval,q071,scikit-learn pipeline with preprocessing and model fitting,0,0.00,,no_results,,,0,0,,0.0,0.0,0.0,0.0,0.0,0.0,0.0,0.0,0.0,0.0,0.0,0.0,0.0
e54d023a07f7,5b20dfaf7f3b,context7,retrieval,q072,scikit-learn cross-validation and hyperparameter tuning with GridSearchCV,0,0.00,,no_results,,,0,0,,0.0,0.0,0.0,0.0,0.0,0.0,0.0,0.0,0.0,0.0,0.0,0.0,0.0
e54d023a07f7,b0e7ecfd87c4,context7,retrieval,q073,scikit-learn custom transformer with BaseEstimator and TransformerMixin,0,0.00,,no_results,,,0,0,,0.0,0.0,0.0,0.0,0.0,0.0,0.0,0.0,0.0,0.0,0.0,0.0,0.0
e54d023a07f7,3c5fafe0ebee,context7,retrieval,q074,scikit-learn StandardScaler and feature normalization,0,0.00,,no_results,,,0,0,,0.0,0.0,0.0,0.0,0.0,0.0,0.0,0.0,0.0,0.0,0.0,0.0,0.0
e54d023a07f7,1048b5162245,context7,retrieval,q075,scikit-learn random forest classifier and feature importance,0,0.00,,no_results,,,0,0,,0.0,0.0,0.0,0.0,0.0,0.0,0.0,0.0,0.0,0.0,0.0,0.0,0.0
e54d023a07f7,b1f992ae21d7,context7,retrieval,q076,scikit-learn train_test_split and stratified sampling,0,0.00,,no_results,,,0,0,,0.0,0.0,0.0,0.0,0.0,0.0,0.0,0.0,0.0,0.0,0.0,0.0,0.0
e54d023a07f7,c84fdd55b3db,context7,retrieval,q077,scikit-learn classification metrics precision recall F1 score,0,0.00,,no_results,,,0,0,,0.0,0.0,0.0,0.0,0.0,0.0,0.0,0.0,0.0,0.0,0.0,0.0,0.0
e54d023a07f7,6534f147adc5,context7,retrieval,q078,scikit-learn PCA dimensionality reduction implementation,0,0.00,,no_results,,,0,0,,0.0,0.0,0.0,0.0,0.0,0.0,0.0,0.0,0.0,0.0,0.0,0.0,0.0
e54d023a07f7,61766e09ca69,context7,retrieval,q079,scikit-learn text feature extraction with TfidfVectorizer,0,0.00,,no_results,,,0,0,,0.0,0.0,0.0,0.0,0.0,0.0,0.0,0.0,0.0,0.0,0.0,0.0,0.0
e54d023a07f7,21b746cc31ea,context7,retrieval,q080,scikit-learn gradient boosting classifier with early stopping,0,0.00,,no_results,,,0,0,,0.0,0.0,0.0,0.0,0.0,0.0,0.0,0.0,0.0,0.0,0.0,0.0,0.0
e54d023a07f7,a75d6dadcaff,nia,retrieval,q049,Requests file upload with multipart form data,10,1024.38,,,,,1020,178,0.175,1.0,1.0,0.7737459235132744,0.46927872602275644,0.46927872602275644,1.0,0.3,0.3333333333333333,0.2,0.3333333333333333,1.0,0.3333333333333333,0.3333333333333333
e54d023a07f7,36d1f4aae8da,context7,retrieval,q081,pandas DataFrame creation and column selection,1,2482.85,,,/pandas-dev/pandas,python,888,888,1.000,1.0,1.0,1.0,1.0,1.0,1.0,1.0,1.0,1.0,0.25,0.25,0.25,0.25
e54d023a07f7,c5f272b9add7,synsc-context,retrieval,q031,Flask template rendering with Jinja2 context processors,10,6241.49,,,pallets/flask,python,11996,11362,0.947,1.0,1.0,0.9738270937466379,1.0,0.8909254103672668,1.0,0.8,1.0,0.8,0.3333333333333333,2.6666666666666665,1.0,1.3333333333333333
e54d023a07f7,6e85af533efe,context7,retrieval,q082,pandas groupby aggregation with custom functions,1,2757.84,,,/pandas-dev/pandas,python,941,941,1.000,1.0,1.0,1.0,1.0,1.0,1.0,1.0,1.0,1.0,0.2,0.2,0.2,0.2
e54d023a07f7,699f641ad0db,nia,retrieval,q050,Requests hooks and event callbacks on response,10,1080.75,,,,,4801,4801,1.000,1.0,1.0,0.9518022599408099,0.8322824782867448,0.8622240278900382,1.0,1.0,1.0,1.0,0.3333333333333333,3.3333333333333335,1.0,1.6666666666666667
e54d023a07f7,72a1243b4128,context7,retrieval,q083,pandas merge and join operations for combining DataFrames,1,2606.70,,,/pandas-dev/pandas,python,998,998,1.000,1.0,1.0,1.0,1.0,1.0,1.0,1.0,1.0,1.0,0.25,0.25,0.25,0.25
e54d023a07f7,9b7ebec37cf3,synsc-context,retrieval,q032,Flask before_request and after_request hook decorators,10,7267.42,,,pallets/flask,python,17374,13084,0.753,1.0,0.5,0.8092306193361595,0.47909091485969846,0.6960198499310518,1.0,0.7,0.6666666666666666,0.8,0.3333333333333333,2.3333333333333335,0.6666666666666666,1.3333333333333333
e54d023a07f7,f6964304f3cd,nia,retrieval,q051,LangChain chat model interface and message types,10,993.86,,,,,2657,940,0.354,1.0,1.0,0.9674679834891693,0.7653606369886217,0.9674679834891693,1.0,0.3,0.6666666666666666,0.6,0.2,0.6,0.4,0.6
e54d023a07f7,9e18d3d29f03,context7,retrieval,q084,pandas read_csv with parsing options and dtypes,1,2160.80,,,/pandas-dev/pandas,python,1168,1168,1.000,1.0,1.0,1.0,1.0,1.0,1.0,1.0,1.0,1.0,0.3333333333333333,0.3333333333333333,0.3333333333333333,0.3333333333333333
e54d023a07f7,6a47cff4b60f,context7,retrieval,q085,pandas missing data handling fillna dropna interpolate,1,2023.82,,,/pandas-dev/pandas,python,758,758,1.000,1.0,1.0,1.0,1.0,1.0,1.0,1.0,1.0,1.0,0.25,0.25,0.25,0.25
e54d023a07f7,cf2ee0efd8aa,nia,retrieval,q052,LangChain chain composition with LCEL pipe operator,10,997.45,,,,,3989,2689,0.674,1.0,1.0,1.0,1.0,1.0,1.0,0.5,1.0,1.0,0.2,1.0,0.6,1.0
e54d023a07f7,aaca8e7f78a1,synsc-context,retrieval,q033,Flask CLI commands with click integration,10,6857.47,,,pallets/flask,python,16852,16852,1.000,1.0,1.0,0.9540972201004178,0.8826803184943108,0.8310951893751204,1.0,1.0,1.0,1.0,0.3333333333333333,3.3333333333333335,1.0,1.6666666666666667
e54d023a07f7,5db0522c2646,context7,retrieval,q086,pandas pivot table and crosstab for reshaping data,1,2378.60,,,/pandas-dev/pandas,python,1160,1160,1.000,1.0,1.0,1.0,1.0,1.0,1.0,1.0,1.0,1.0,0.25,0.25,0.25,0.25
e54d023a07f7,148261055088,nia,retrieval,q053,LangChain document loader and text splitter for RAG,10,1109.08,,,,,4236,2456,0.580,1.0,1.0,0.8883444449388402,0.7039180890341347,0.6548086577531307,1.0,0.6,0.6666666666666666,0.6,0.2,1.2,0.4,0.6
e54d023a07f7,3012cf9a7c5f,context7,retrieval,q087,pandas datetime index and time series resampling,1,2332.38,,,/pandas-dev/pandas,python,1018,1018,1.000,1.0,1.0,1.0,1.0,1.0,1.0,1.0,1.0,1.0,0.2,0.2,0.2,0.2
e54d023a07f7,73f04028c143,context7,retrieval,q088,pandas apply and vectorized string operations,1,2199.91,,,/pandas-dev/pandas,python,1196,1196,1.000,1.0,1.0,1.0,1.0,1.0,1.0,1.0,1.0,1.0,0.25,0.25,0.25,0.25
e54d023a07f7,106b03ffc9c9,nia,retrieval,q054,LangChain vector store interface with similarity search,10,1067.49,,,,,3503,392,0.112,1.0,1.0,1.0,1.0,1.0,1.0,0.1,0.3333333333333333,0.2,0.25,0.25,0.25,0.25
e54d023a07f7,2dc7b1390bf8,synsc-context,retrieval,q034,Flask JSON response and jsonify helper function,10,6443.70,,,pallets/flask,python,13476,12492,0.927,1.0,1.0,0.9356748125206072,0.7346393630113782,0.8535105373852008,1.0,0.9,1.0,1.0,0.3333333333333333,3.0,1.0,1.6666666666666667
e54d023a07f7,afee3e18e20f,context7,retrieval,q089,pandas MultiIndex creation and hierarchical indexing,1,2153.77,,,/pandas-dev/pandas,python,1909,1909,1.000,1.0,1.0,1.0,1.0,1.0,1.0,1.0,1.0,1.0,0.25,0.25,0.25,0.25
e54d023a07f7,12ff12a7d13e,nia,retrieval,q055,LangChain prompt template with input variables and formatting,10,1004.78,,,,,4465,0,,0.0,0.0,0.0,0.0,0.0,0.0,0.0,0.0,0.0,0.0,0.0,0.0,0.0
e54d023a07f7,469204d580ea,context7,retrieval,q090,pandas categorical data type and memory optimization,1,2159.88,,,/pandas-dev/pandas,python,1208,1208,1.000,1.0,1.0,1.0,1.0,1.0,1.0,1.0,1.0,1.0,0.25,0.25,0.25,0.25
e54d023a07f7,be8085e7292f,synsc-context,retrieval,q035,Flask extension initialization pattern with init_app,10,6762.54,,,pallets/flask,python,16083,9324,0.580,1.0,0.5,0.7966344666496746,0.680606056760201,0.6376620562607138,1.0,0.6,1.0,0.8,0.3333333333333333,2.0,1.0,1.3333333333333333
e54d023a07f7,3d384f490624,nia,retrieval,q056,LangChain output parser for structured JSON responses,10,1025.86,,,,,2706,415,0.154,0.5,0.0,0.6309297535714575,0.6309297535714575,0.6309297535714575,0.0,0.1,0.3333333333333333,0.2,0.0,0.25,0.25,0.25
e54d023a07f7,1b72638b3a8a,context7,retrieval,q091,NumPy array creation and initialization functions,1,2672.07,,,/numpy/numpy,python,1254,1254,1.000,1.0,1.0,1.0,1.0,1.0,1.0,1.0,1.0,1.0,0.25,0.25,0.25,0.25
e54d023a07f7,d0a325175dc4,context7,retrieval,q092,NumPy broadcasting rules and shape manipulation,1,2059.29,,,/numpy/numpy,python,1768,1768,1.000,1.0,1.0,1.0,1.0,1.0,1.0,1.0,1.0,1.0,0.25,0.25,0.25,0.25
e54d023a07f7,15f06d22e6ac,nia,retrieval,q057,LangChain agent with tool binding and execution loop,10,1094.34,,,,,3321,2025,0.610,1.0,1.0,0.8750832721664332,0.7039180890341347,0.639945385422766,1.0,0.6,0.6666666666666666,0.6,0.2,1.2,0.4,0.6
e54d023a07f7,8d655a655300,context7,retrieval,q093,NumPy linear algebra matrix multiplication and eigenvalues,1,2497.83,,,/numpy/numpy,python,921,921,1.000,1.0,1.0,1.0,1.0,1.0,1.0,1.0,1.0,1.0,0.2,0.2,0.2,0.2
e54d023a07f7,d2a392171865,synsc-context,retrieval,q036,SQLAlchemy declarative model definition with mapped_column,10,7503.76,,,sqlalchemy/sqlalchemy,python,18258,18258,1.000,1.0,1.0,0.9259756464212772,0.7346393630113782,0.78679862894141,1.0,1.0,1.0,1.0,0.2,2.0,0.6,1.0
e54d023a07f7,f4f21ea45627,nia,retrieval,q058,LangChain callback handler for streaming and tracing,10,1009.84,,,,,3011,0,,0.0,0.0,0.0,0.0,0.0,0.0,0.0,0.0,0.0,0.0,0.0,0.0,0.0
e54d023a07f7,2143c5380cb1,context7,retrieval,q094,NumPy random number generation with Generator,1,3153.93,,,/numpy/numpy,json,1497,1497,1.000,1.0,1.0,1.0,1.0,1.0,1.0,1.0,1.0,1.0,0.25,0.25,0.25,0.25
e54d023a07f7,bcbaff290727,nia,retrieval,q059,LangChain memory and conversation history management,10,999.32,,,,,2761,0,,0.0,0.0,0.0,0.0,0.0,0.0,0.0,0.0,0.0,0.0,0.0,0.0,0.0
e54d023a07f7,141705d0691b,context7,retrieval,q095,NumPy fancy indexing and boolean masking,1,2574.18,,,/numpy/numpy,python,1381,1381,1.000,1.0,1.0,1.0,1.0,1.0,1.0,1.0,1.0,1.0,0.25,0.25,0.25,0.25
e54d023a07f7,c54d15ed451c,synsc-context,retrieval,q037,SQLAlchemy session management and unit of work pattern,10,6824.52,,,sqlalchemy/sqlalchemy,python,18338,18338,1.000,1.0,0.5,0.8714065298353165,0.6480409554829326,0.680027307288617,1.0,1.0,1.0,1.0,0.2,2.0,0.6,1.0
e54d023a07f7,bd46cfde0628,context7,retrieval,q096,NumPy ufunc implementation and custom universal functions,1,2275.21,,,/numpy/numpy,python,1913,1913,1.000,1.0,1.0,1.0,1.0,1.0,1.0,1.0,1.0,1.0,0.25,0.25,0.25,0.25
e54d023a07f7,34b8c0029735,nia,retrieval,q060,LangChain retriever interface and retrieval chain,10,1101.71,,,,,2756,414,0.150,0.3333333333333333,0.0,0.5,0.5,0.5,0.0,0.1,0.3333333333333333,0.2,0.0,0.3333333333333333,0.3333333333333333,0.3333333333333333
e54d023a07f7,ddfdf15f783d,context7,retrieval,q097,NumPy structured arrays and record arrays with custom dtypes,1,2452.49,,,/numpy/numpy,python,1062,1062,1.000,1.0,1.0,1.0,1.0,1.0,1.0,1.0,1.0,1.0,0.25,0.25,0.25,0.25
e54d023a07f7,e768d975d596,nia,retrieval,q061,PyTorch neural network module definition with forward pass,10,1039.78,,,,,5130,3828,0.746,1.0,1.0,0.8068857496524253,0.46927872602275644,0.4703652827859579,1.0,0.6,0.3333333333333333,0.4,0.2,1.2,0.2,0.4
e54d023a07f7,9e5dce3dc048,context7,retrieval,q098,NumPy FFT fast Fourier transform and spectral analysis,1,2570.74,,,/numpy/numpy,python,1174,1174,1.000,1.0,1.0,1.0,1.0,1.0,1.0,1.0,1.0,1.0,0.25,0.25,0.25,0.25
e54d023a07f7,eccac2623fe0,synsc-context,retrieval,q038,SQLAlchemy relationship configuration with back_populates and lazy loading,10,7886.27,,,sqlalchemy/sqlalchemy,python,18505,18505,1.000,1.0,1.0,0.935660177733689,0.7346393630113782,0.8082168163143322,1.0,1.0,1.0,1.0,0.2,2.0,0.6,1.0
e54d023a07f7,d4e6672315d5,nia,retrieval,q062,PyTorch autograd and custom backward function implementation,10,1091.56,,,,,5190,4255,0.820,1.0,1.0,0.9888026041880242,1.0,1.0,1.0,0.8,1.0,1.0,0.2,1.6,0.6,1.0
e54d023a07f7,6df2441879fe,context7,retrieval,q099,NumPy memory layout C order vs Fortran order,1,2624.34,,,/numpy/numpy,python,1573,1573,1.000,1.0,1.0,1.0,1.0,1.0,1.0,1.0,1.0,1.0,0.3333333333333333,0.3333333333333333,0.3333333333333333,0.3333333333333333
e54d023a07f7,125b724bd5fa,context7,retrieval,q100,NumPy file I/O save and load arrays from disk,1,2299.76,,,/numpy/numpy,python,1432,1432,1.000,1.0,1.0,1.0,1.0,1.0,1.0,1.0,1.0,1.0,0.3333333333333333,0.3333333333333333,0.3333333333333333,0.3333333333333333
e54d023a07f7,29b8cf04c627,nia,retrieval,q063,PyTorch DataLoader with custom Dataset and collate function,10,1466.24,,,,,4429,1239,0.280,1.0,1.0,0.7737459235132744,0.46927872602275644,0.46927872602275644,1.0,0.3,0.3333333333333333,0.2,0.2,0.6,0.2,0.2
e54d023a07f7,165f9a4ccfac,synsc-context,retrieval,q039,SQLAlchemy core select statement with joins and subqueries,10,8699.00,,,sqlalchemy/sqlalchemy,python,21097,21097,1.000,1.0,1.0,0.9387004059966528,0.7346393630113782,0.8082168163143322,1.0,1.0,1.0,1.0,0.16666666666666666,1.6666666666666667,0.5,0.8333333333333334
e54d023a07f7,94b07e02104f,nia,retrieval,q064,PyTorch optimizer SGD and Adam with learning rate scheduling,10,1122.50,,,,,6267,5068,0.809,1.0,1.0,0.9782917460822231,1.0,0.8687949224876582,1.0,0.8,1.0,0.8,0.2,1.6,0.6,0.8
e54d023a07f7,f0f1dcf0dc06,nia,retrieval,q065,PyTorch distributed data parallel training setup,10,1128.26,,,,,4680,0,,0.0,0.0,0.0,0.0,0.0,0.0,0.0,0.0,0.0,0.0,0.0,0.0,0.0
e54d023a07f7,0f9c53f6e3ea,synsc-context,retrieval,q040,SQLAlchemy engine creation and connection pool configuration,10,6904.66,,,sqlalchemy/sqlalchemy,python,15400,11723,0.761,1.0,0.5,0.8143159704980667,0.5307212739772434,0.5588661171593143,1.0,0.8,0.6666666666666666,0.8,0.25,2.0,0.5,1.0
e54d023a07f7,77544ee0088d,nia,retrieval,q066,PyTorch model saving and loading with state_dict,10,1056.95,,,,,5195,4390,0.845,1.0,1.0,0.9613085758737654,1.0,0.8687949224876582,1.0,0.8,1.0,0.8,0.25,2.0,0.75,1.0
e54d023a07f7,7fa01ea9bee3,nia,retrieval,q067,PyTorch tensor operations broadcasting and reshaping,10,1065.27,,,,,6353,4670,0.735,1.0,1.0,0.9249372331423045,0.7653606369886217,0.6992148198508501,1.0,0.8,0.6666666666666666,0.6,0.25,2.0,0.5,0.75
e54d023a07f7,8bcbeba0338d,synsc-context,retrieval,q041,SQLAlchemy event listeners for before_insert and after_update,10,8350.78,,,sqlalchemy/sqlalchemy,python,19897,19897,1.000,1.0,1.0,0.9384606660730284,0.7346393630113782,0.8535105373852008,1.0,1.0,1.0,1.0,0.25,2.5,0.75,1.25
e54d023a07f7,2b63345f6a78,nia,retrieval,q068,PyTorch convolutional neural network layers Conv2d and MaxPool2d,4,1072.63,,,,,1914,0,,0.0,0.0,0.0,0.0,0.0,0.0,0.0,0.0,0.0,0.0,0.0,0.0,0.0
e54d023a07f7,3f6a763883d7,synsc-context,retrieval,q042,SQLAlchemy hybrid property and expression for computed attributes,10,7170.65,,,sqlalchemy/sqlalchemy,python,19143,19143,1.000,1.0,1.0,0.9986400209011808,1.0,1.0,1.0,1.0,1.0,1.0,0.3333333333333333,3.3333333333333335,1.0,1.6666666666666667
e54d023a07f7,43d1a35e912d,nia,retrieval,q069,PyTorch loss functions cross entropy and MSE,4,940.86,,,,,2307,0,,0.0,0.0,0.0,0.0,0.0,0.0,0.0,0.0,0.0,0.0,0.0,0.0,0.0
e54d023a07f7,0ebf471d812e,nia,retrieval,q070,PyTorch mixed precision training with autocast and GradScaler,10,1104.98,,,,,5062,1360,0.269,1.0,1.0,1.0,1.0,1.0,1.0,0.2,0.6666666666666666,0.4,0.25,0.5,0.5,0.5
e54d023a07f7,2159195470af,synsc-context,retrieval,q043,SQLAlchemy Alembic-style migration with schema alteration,10,7812.89,,,django/django,python,17413,9572,0.550,1.0,1.0,0.9208491316051547,0.8403030283801005,0.6663180938082345,1.0,0.5,0.6666666666666666,0.4,0.25,1.25,0.5,0.5
e54d023a07f7,6faaf9367fc8,nia,retrieval,q071,scikit-learn pipeline with preprocessing and model fitting,10,1448.46,,,,,4765,3774,0.792,1.0,1.0,0.8807346094186411,0.7039180890341347,0.639945385422766,1.0,0.8,0.6666666666666666,0.6,0.25,2.0,0.5,0.75
e54d023a07f7,99d2ee4e1578,nia,retrieval,q072,scikit-learn cross-validation and hyperparameter tuning with GridSearchCV,10,1104.32,,,,,4250,2792,0.657,1.0,0.5,0.6802928135147414,0.31939394323979897,0.25326335410655304,1.0,0.6,0.3333333333333333,0.2,0.2,1.2,0.2,0.2
e54d023a07f7,fff5433ba8fe,synsc-context,retrieval,q044,SQLAlchemy async session and engine for asyncio applications,10,6713.08,,,sqlalchemy/sqlalchemy,python,13497,9600,0.711,1.0,1.0,0.9228940501402444,0.8519590445170673,0.7993798664604009,1.0,0.7,1.0,0.8,0.25,1.75,0.75,1.0
e54d023a07f7,51d2debc0c30,nia,retrieval,q073,scikit-learn custom transformer with BaseEstimator and TransformerMixin,10,1085.46,,,,,5435,4321,0.795,1.0,1.0,0.9720468795835443,1.0,0.8909254103672668,1.0,0.7,1.0,0.8,0.3333333333333333,2.3333333333333335,1.0,1.3333333333333333
e54d023a07f7,69f372fe57d1,synsc-context,retrieval,q045,Requests library session with persistent cookies and auth,10,6146.28,,,psf/requests,python,14629,14629,1.000,1.0,1.0,0.9357835388349401,0.7346393630113782,0.8535105373852008,1.0,1.0,1.0,1.0,0.25,2.5,0.75,1.25
e54d023a07f7,fc77c0d36a9f,nia,retrieval,q074,scikit-learn StandardScaler and feature normalization,10,934.90,,,,,4891,3483,0.712,1.0,0.5,0.8656069104048059,0.8403030283801005,0.7753926834409677,1.0,0.5,1.0,0.8,0.25,1.25,0.75,1.0
e54d023a07f7,25fb8b5cddd4,nia,retrieval,q075,scikit-learn random forest classifier and feature importance,10,1060.69,,,,,4241,3044,0.718,1.0,0.5,0.777158640997686,0.47909091485969846,0.5869452602983186,1.0,0.6,0.6666666666666666,0.8,0.25,1.5,0.5,1.0
e54d023a07f7,e25cb49ffe9c,synsc-context,retrieval,q046,Requests response content decoding and JSON parsing,10,7777.03,,,psf/requests,python,12777,12777,1.000,1.0,1.0,1.0,1.0,1.0,1.0,1.0,1.0,1.0,0.3333333333333333,3.3333333333333335,1.0,1.6666666666666667
e54d023a07f7,3a55f97a81e9,nia,retrieval,q076,scikit-learn train_test_split and stratified sampling,10,1033.54,,,,,4800,1894,0.395,1.0,0.5,0.6672684013021024,0.31939394323979897,0.5665108303518511,1.0,0.3,0.3333333333333333,0.4,0.3333333333333333,1.0,0.3333333333333333,0.6666666666666666
e54d023a07f7,01dd41c3da36,nia,retrieval,q077,scikit-learn classification metrics precision recall F1 score,10,1040.53,,,,,4156,2836,0.682,1.0,1.0,0.953204635188976,0.8403030283801005,0.8596139055669277,1.0,0.4,0.6666666666666666,0.6,0.25,1.0,0.5,0.75
e54d023a07f7,3d26a1eeae53,synsc-context,retrieval,q047,Requests SSL certificate verification and custom CA bundles,10,6555.92,,,psf/requests,python,12130,12130,1.000,1.0,0.5,0.9334235959390283,0.8821211986607034,0.9065280314885752,1.0,1.0,1.0,1.0,0.3333333333333333,3.3333333333333335,1.0,1.6666666666666667
e54d023a07f7,c4ee04fe9f4c,nia,retrieval,q078,scikit-learn PCA dimensionality reduction implementation,10,1157.14,,,,,4779,3549,0.743,1.0,0.5,0.8101226333435124,0.5209090851403014,0.5221293293344146,1.0,0.8,0.6666666666666666,0.6,0.3333333333333333,2.6666666666666665,0.6666666666666666,1.0
e54d023a07f7,d97ada8ded1c,nia,retrieval,q079,scikit-learn text feature extraction with TfidfVectorizer,10,1085.15,,,,,4383,2357,0.538,0.3333333333333333,0.0,0.6128664155859013,0.15969697161989949,0.4427564958244988,0.0,0.5,0.3333333333333333,0.6,0.0,1.25,0.25,0.75
e54d023a07f7,d7caaa7627d4,synsc-context,retrieval,q048,Requests retry strategy with HTTPAdapter and urllib3,10,7064.66,,,psf/requests,python,17830,15989,0.897,1.0,1.0,0.9720250638657923,0.8826803184943108,0.9015629611050541,1.0,0.9,1.0,1.0,0.3333333333333333,3.0,1.0,1.6666666666666667
e54d023a07f7,9e9463cc9bcf,nia,retrieval,q080,scikit-learn gradient boosting classifier with early stopping,10,1130.20,,,,,5023,3009,0.599,1.0,1.0,0.8684153012583528,0.7653606369886217,0.5531464700081437,1.0,0.6,0.6666666666666666,0.4,0.25,1.5,0.5,0.5
e54d023a07f7,60c8824958ad,synsc-context,retrieval,q049,Requests file upload with multipart form data,10,6651.37,,,django/django,python,16056,14385,0.896,1.0,0.5,0.8832253135734446,0.680606056760201,0.8558112355261802,1.0,0.9,1.0,1.0,0.3333333333333333,3.0,1.0,1.6666666666666667
e54d023a07f7,af008ef92162,nia,retrieval,q081,pandas DataFrame creation and column selection,8,1043.90,,,,,2293,1095,0.478,0.5,0.0,0.5802792108518124,0.38685280723454163,0.38685280723454163,0.0,0.25,0.3333333333333333,0.2,0.0,0.5,0.25,0.25
e54d023a07f7,e37f7cbb5816,nia,retrieval,q082,pandas groupby aggregation with custom functions,10,1065.51,,,,,5704,1448,0.254,0.14285714285714285,0.0,0.38162168437253385,0.0,0.0,0.0,0.2,0.0,0.0,0.0,0.4,0.0,0.0
e54d023a07f7,eb41242d9662,synsc-context,retrieval,q050,Requests hooks and event callbacks on response,10,7534.50,,,psf/requests,python,17840,14679,0.823,1.0,1.0,0.9109999837494639,0.6993694869720469,0.7626089347265247,1.0,0.8,0.6666666666666666,0.6,0.3333333333333333,2.6666666666666665,0.6666666666666666,1.0
e54d023a07f7,37ba4002bf83,nia,retrieval,q083,pandas merge and join operations for combining DataFrames,10,1036.22,,,,,3927,3927,1.000,1.0,1.0,1.0,1.0,1.0,1.0,1.0,1.0,1.0,0.25,2.5,0.75,1.25
e54d023a07f7,963d78d448fa,nia,retrieval,q084,pandas read_csv with parsing options and dtypes,7,920.34,,,,,3251,0,,0.0,0.0,0.0,0.0,0.0,0.0,0.0,0.0,0.0,0.0,0.0,0.0,0.0
e54d023a07f7,836be8fffc12,synsc-context,retrieval,q051,LangChain chat model interface and message types,10,7516.96,,,langchain-ai/langchain,python,13923,13231,0.950,0.5,0.0,0.7984658817584759,0.5307212739772434,0.5296347172140421,0.0,0.8,0.6666666666666666,0.6,0.0,1.6,0.4,0.6
e54d023a07f7,b67f3972e154,nia,retrieval,q085,pandas missing data handling fillna dropna interpolate,10,1077.10,,,,,5035,1386,0.275,0.2,0.0,0.4736200079773859,0.0,0.18154179253735267,0.0,0.3,0.0,0.2,0.0,0.75,0.0,0.25
e54d023a07f7,d2e73f805b24,nia,retrieval,q086,pandas pivot table and crosstab for reshaping data,10,1087.72,,,,,4624,2351,0.508,0.5,0.0,0.7244242041959655,0.5307212739772434,0.38356636737133565,0.0,0.5,0.6666666666666666,0.4,0.0,1.25,0.5,0.5
e54d023a07f7,c96015fe4fa9,synsc-context,retrieval,q052,LangChain chain composition with LCEL pipe operator,10,7262.24,,,langchain-ai/langchain,python,14863,11013,0.741,1.0,0.5,0.8298639640018205,0.5209090851403014,0.6201049688401704,1.0,0.8,0.6666666666666666,0.8,0.2,1.6,0.4,0.8
e54d023a07f7,93d1c7c198bc,nia,retrieval,q087,pandas datetime index and time series resampling,10,1205.93,,,,,6122,815,0.133,1.0,1.0,1.0,1.0,1.0,1.0,0.1,0.3333333333333333,0.2,0.2,0.2,0.2,0.2
e54d023a07f7,be076db8f2ce,synsc-context,retrieval,q053,LangChain document loader and text splitter for RAG,10,6309.38,,,langchain-ai/langchain,python,13410,10762,0.803,1.0,1.0,0.9826741846456148,1.0,0.9020243604942442,1.0,0.8,1.0,0.8,0.2,1.6,0.6,0.8
e54d023a07f7,8f234fbae057,nia,retrieval,q088,pandas apply and vectorized string operations,10,1005.58,,,,,4133,4078,0.987,1.0,1.0,0.9504206262110481,0.7653606369886217,0.830419897363192,1.0,0.9,0.6666666666666666,0.8,0.25,2.25,0.5,1.0
e54d023a07f7,1318f219709a,nia,retrieval,q089,pandas MultiIndex creation and hierarchical indexing,10,1028.63,,,,,3955,0,,0.0,0.0,0.0,0.0,0.0,0.0,0.0,0.0,0.0,0.0,0.0,0.0,0.0
e54d023a07f7,398dfb878858,synsc-context,retrieval,q054,LangChain vector store interface with similarity search,10,6485.81,,,langchain-ai/langchain,python,19532,15628,0.800,1.0,0.5,0.8266970138076436,0.680606056760201,0.6376620562607138,1.0,0.8,1.0,0.8,0.25,2.0,0.75,1.0
e54d023a07f7,6989b0b71458,nia,retrieval,q090,pandas categorical data type and memory optimization,10,1031.69,,,,,5461,1152,0.211,0.14285714285714285,0.0,0.3889580943680543,0.0,0.0,0.0,0.2,0.0,0.0,0.0,0.5,0.0,0.0
e54d023a07f7,c02bba10529a,synsc-context,retrieval,q055,LangChain prompt template with input variables and formatting,10,5832.75,,,langchain-ai/langchain,python,9510,7587,0.798,0.5,0.0,0.7729117820572334,0.5307212739772434,0.5147714448836774,0.0,0.7,0.6666666666666666,0.6,0.0,1.75,0.5,0.75
e54d023a07f7,31612e0999ad,nia,retrieval,q091,NumPy array creation and initialization functions,10,1026.84,,,,,3657,3486,0.953,1.0,1.0,0.9466454870600813,0.7653606369886217,0.830419897363192,1.0,0.8,0.6666666666666666,0.8,0.25,2.0,0.5,1.0
e54d023a07f7,af4d79ced38e,nia,retrieval,q092,NumPy broadcasting rules and shape manipulation,10,1459.65,,,,,6353,1679,0.264,1.0,1.0,0.8278123145308894,0.46927872602275644,0.6713860725233041,1.0,0.3,0.3333333333333333,0.4,0.25,0.75,0.25,0.5
e54d023a07f7,5abd280b8362,synsc-context,retrieval,q056,LangChain output parser for structured JSON responses,10,5991.46,,,langchain-ai/langchain,python,13877,13877,1.000,1.0,0.5,0.8973000184168799,0.680606056760201,0.8558112355261802,1.0,1.0,1.0,1.0,0.25,2.5,0.75,1.25
e54d023a07f7,8e432f5d95bf,nia,retrieval,q093,NumPy linear algebra matrix multiplication and eigenvalues,10,1067.04,,,,,3825,3067,0.802,1.0,1.0,0.9072291563948641,0.7653606369886217,0.6992148198508501,1.0,0.7,0.6666666666666666,0.6,0.2,1.4,0.4,0.6
e54d023a07f7,33e806108533,synsc-context,retrieval,q057,LangChain agent with tool binding and execution loop,10,7216.43,,,langchain-ai/langchain,python,18749,18749,1.000,1.0,1.0,1.0,1.0,1.0,1.0,1.0,1.0,1.0,0.2,2.0,0.6,1.0
e54d023a07f7,5b95739c9243,nia,retrieval,q094,NumPy random number generation with Generator,10,1036.44,,,,,6312,5930,0.940,1.0,0.5,0.8373339272389694,0.5209090851403014,0.6201049688401704,1.0,0.9,0.6666666666666666,0.8,0.25,2.25,0.5,1.0
e54d023a07f7,7d7172643dec,nia,retrieval,q095,NumPy fancy indexing and boolean masking,10,1075.72,,,,,5249,1826,0.348,1.0,1.0,0.8385465274895063,0.46927872602275644,0.6713860725233041,1.0,0.3,0.3333333333333333,0.4,0.25,0.75,0.25,0.5
e54d023a07f7,2c4b6b0eb96d,synsc-context,retrieval,q058,LangChain callback handler for streaming and tracing,10,7063.21,,,langchain-ai/langchain,python,13053,6951,0.533,1.0,0.5,0.7156093538227795,0.5209090851403014,0.4130547397016814,1.0,0.5,0.6666666666666666,0.4,0.25,1.25,0.5,0.5
e54d023a07f7,b4b2787f007c,nia,retrieval,q096,NumPy ufunc implementation and custom universal functions,10,1053.72,,,,,4815,4110,0.854,0.25,0.0,0.6346071020639825,0.0,0.27727342735504823,0.0,0.6,0.0,0.4,0.0,1.5,0.0,0.5
e54d023a07f7,bd86d35e32d4,nia,retrieval,q097,NumPy structured arrays and record arrays with custom dtypes,10,1710.89,,,,,4953,4230,0.854,1.0,1.0,0.9429942892150166,0.7653606369886217,0.830419897363192,1.0,0.8,0.6666666666666666,0.8,0.25,2.0,0.5,1.0
e54d023a07f7,9047ce48d287,synsc-context,retrieval,q059,LangChain memory and conversation history management,10,6290.26,,,langchain-ai/langchain,python,16329,5376,0.329,0.25,0.0,0.5069569504323629,0.0,0.2289700384906115,0.0,0.3,0.0,0.2,0.0,0.75,0.0,0.25
e54d023a07f7,d92c48014c9d,nia,retrieval,q098,NumPy FFT fast Fourier transform and spectral analysis,10,1113.74,,,,,3556,1201,0.338,1.0,1.0,0.882808018370203,0.6387878864795979,0.7763433706236033,1.0,0.3,0.3333333333333333,0.4,0.25,0.75,0.25,0.5
e54d023a07f7,ad1b1395f90e,synsc-context,retrieval,q060,LangChain retriever interface and retrieval chain,10,5894.67,,,langchain-ai/langchain,python,13356,10316,0.772,1.0,0.5,0.7877891130418531,0.47909091485969846,0.6960198499310518,1.0,0.7,0.6666666666666666,0.8,0.3333333333333333,2.3333333333333335,0.6666666666666666,1.3333333333333333
e54d023a07f7,8817fd06ca0a,nia,retrieval,q099,NumPy memory layout C order vs Fortran order,10,1057.87,,,,,4768,3395,0.712,1.0,1.0,0.9361705073520016,0.7653606369886217,0.830419897363192,1.0,0.6,0.6666666666666666,0.8,0.3333333333333333,2.0,0.6666666666666666,1.3333333333333333
e54d023a07f7,de3339b1dc94,nia,retrieval,q100,NumPy file I/O save and load arrays from disk,10,1048.77,,,,,4602,4082,0.887,1.0,1.0,0.8918195074012366,0.7039180890341347,0.6548086577531307,1.0,0.8,0.6666666666666666,0.6,0.3333333333333333,2.6666666666666665,0.6666666666666666,1.0
e54d023a07f7,0248d96c9dfd,synsc-context,retrieval,q061,PyTorch neural network module definition with forward pass,10,6412.39,,,pytorch/pytorch,python,10993,10993,1.000,1.0,1.0,1.0,1.0,1.0,1.0,1.0,1.0,1.0,0.2,2.0,0.6,1.0
e54d023a07f7,f0132e698a62,synsc-context,retrieval,q062,PyTorch autograd and custom backward function implementation,10,6622.43,,,pytorch/pytorch,yaml,18394,18394,1.000,1.0,1.0,1.0,1.0,1.0,1.0,1.0,1.0,1.0,0.2,2.0,0.6,1.0
e54d023a07f7,a29ba365682e,synsc-context,retrieval,q063,PyTorch DataLoader with custom Dataset and collate function,10,6612.99,,,pytorch/pytorch,python,13277,13222,0.996,1.0,1.0,0.8704044346918888,0.5865984075284455,0.653135534335885,1.0,0.9,0.6666666666666666,0.8,0.2,1.8,0.4,0.8
e54d023a07f7,e40a5283c1f7,synsc-context,retrieval,q064,PyTorch optimizer SGD and Adam with learning rate scheduling,10,6659.48,,,pytorch/pytorch,python,12486,12486,1.000,1.0,0.5,0.8418413685752567,0.617319681505689,0.6258472176711151,1.0,1.0,1.0,1.0,0.2,2.0,0.6,1.0
e54d023a07f7,11f27c92f587,synsc-context,retrieval,q065,PyTorch distributed data parallel training setup,10,6916.99,,,pytorch/pytorch,python,16205,9796,0.605,1.0,1.0,0.881254595680755,0.617319681505689,0.7040090042240594,1.0,0.6,0.6666666666666666,0.8,0.2,1.2,0.4,0.8
e54d023a07f7,57ff3d7c1aa3,synsc-context,retrieval,q066,PyTorch model saving and loading with state_dict,10,7824.03,,,pytorch/pytorch,python,15485,15485,1.000,1.0,0.5,0.9334235959390283,0.8821211986607034,0.9065280314885752,1.0,1.0,1.0,1.0,0.25,2.5,0.75,1.25
e54d023a07f7,64a26fafbfcb,synsc-context,retrieval,q067,PyTorch tensor operations broadcasting and reshaping,10,7804.02,,,pytorch/pytorch,python,18584,16912,0.910,1.0,0.5,0.8515064362783363,0.5209090851403014,0.7291795584729036,1.0,0.9,0.6666666666666666,0.8,0.25,2.25,0.5,1.0
e54d023a07f7,b870bb9839d0,synsc-context,retrieval,q068,PyTorch convolutional neural network layers Conv2d and MaxPool2d,10,7245.07,,,pytorch/pytorch,cpp,18548,18548,1.000,1.0,0.5,0.9098052407296103,0.8403030283801005,0.8733683229467235,1.0,1.0,1.0,1.0,0.25,2.5,0.75,1.25
e54d023a07f7,aea91da556fa,synsc-context,retrieval,q069,PyTorch loss functions cross entropy and MSE,10,7266.42,,,pytorch/pytorch,cpp,20151,18893,0.938,1.0,1.0,1.0,1.0,1.0,1.0,0.9,1.0,1.0,0.25,2.25,0.75,1.25
e54d023a07f7,145e9059a951,synsc-context,retrieval,q070,PyTorch mixed precision training with autocast and GradScaler,10,7061.97,,,pytorch/pytorch,python,16647,16647,1.000,1.0,0.5,0.8697185672397282,0.6480409554829326,0.6496091412312497,1.0,1.0,1.0,1.0,0.25,2.5,0.75,1.25
e54d023a07f7,21073e52462e,synsc-context,retrieval,q071,scikit-learn pipeline with preprocessing and model fitting,10,6348.38,,,scikit-learn/scikit-learn,python,13585,13585,1.000,1.0,0.5,0.872469371334419,0.6480409554829326,0.704688883315162,1.0,1.0,1.0,1.0,0.25,2.5,0.75,1.25
e54d023a07f7,05e66cad9c62,synsc-context,retrieval,q072,scikit-learn cross-validation and hyperparameter tuning with GridSearchCV,10,7370.56,,,scikit-learn/scikit-learn,python,16583,16583,1.000,1.0,0.5,0.8829870352460769,0.6480409554829326,0.7456298460447879,1.0,1.0,1.0,1.0,0.2,2.0,0.6,1.0
e54d023a07f7,6db014ecd68a,synsc-context,retrieval,q073,scikit-learn custom transformer with BaseEstimator and TransformerMixin,10,8189.47,,,scikit-learn/scikit-learn,python,21400,21400,1.000,1.0,1.0,1.0,1.0,1.0,1.0,1.0,1.0,1.0,0.3333333333333333,3.3333333333333335,1.0,1.6666666666666667
e54d023a07f7,ecbfa1235a2d,synsc-context,retrieval,q074,scikit-learn StandardScaler and feature normalization,10,6858.40,,,scikit-learn/scikit-learn,python,14613,14260,0.976,1.0,1.0,0.9161572625579563,0.7346393630113782,0.7245436410976352,1.0,0.9,1.0,0.8,0.25,2.25,0.75,1.0
e54d023a07f7,bd9a48d5b96a,synsc-context,retrieval,q075,scikit-learn random forest classifier and feature importance,10,8030.53,,,scikit-learn/scikit-learn,python,18176,18176,1.000,1.0,1.0,0.961334811881022,0.8519590445170673,0.88549505236793,1.0,1.0,1.0,1.0,0.25,2.5,0.75,1.25
e54d023a07f7,b3065ed0ad73,synsc-context,retrieval,q076,scikit-learn train_test_split and stratified sampling,10,8348.93,,,scikit-learn/scikit-learn,python,17650,17650,1.000,1.0,1.0,0.9978160083430379,1.0,1.0,1.0,1.0,1.0,1.0,0.3333333333333333,3.3333333333333335,1.0,1.6666666666666667
e54d023a07f7,043ecd993626,synsc-context,retrieval,q077,scikit-learn classification metrics precision recall F1 score,10,7063.61,,,scikit-learn/scikit-learn,python,17539,15596,0.889,1.0,1.0,0.9308549118092113,0.8322824782867448,0.8622240278900382,1.0,0.8,1.0,1.0,0.25,2.0,0.75,1.25
e54d023a07f7,8d3ac49f36e8,synsc-context,retrieval,q078,scikit-learn PCA dimensionality reduction implementation,10,6504.86,,,scikit-learn/scikit-learn,python,14511,14317,0.987,1.0,1.0,0.86606701596065,0.5865984075284455,0.6020852941109803,1.0,0.9,0.6666666666666666,0.8,0.3333333333333333,3.0,0.6666666666666666,1.3333333333333333
e54d023a07f7,75461b2871c9,synsc-context,retrieval,q079,scikit-learn text feature extraction with TfidfVectorizer,10,6391.86,,,scikit-learn/scikit-learn,python,17146,17021,0.993,1.0,1.0,0.9270471883221917,0.8519590445170673,0.7618017901203944,1.0,0.9,1.0,0.8,0.25,2.25,0.75,1.0
e54d023a07f7,cb1ac492c9c5,synsc-context,retrieval,q080,scikit-learn gradient boosting classifier with early stopping,10,6858.88,,,scikit-learn/scikit-learn,python,21398,21398,1.000,1.0,1.0,1.0,1.0,1.0,1.0,1.0,1.0,1.0,0.25,2.5,0.75,1.25
e54d023a07f7,11584b71361f,synsc-context,retrieval,q081,pandas DataFrame creation and column selection,10,5834.02,,,pytorch/pytorch,c,9020,1352,0.150,0.2,0.0,0.38685280723454163,0.0,0.38685280723454163,0.0,0.1,0.0,0.2,0.0,0.25,0.0,0.25
e54d023a07f7,0f160c67a599,synsc-context,retrieval,q082,pandas groupby aggregation with custom functions,10,8599.24,,,pandas-dev/pandas,python,19182,19182,1.000,1.0,1.0,0.9425906423907516,0.8519590445170673,0.8274043288765652,1.0,1.0,1.0,1.0,0.2,2.0,0.6,1.0
e54d023a07f7,b993c890ec26,synsc-context,retrieval,q083,pandas merge and join operations for combining DataFrames,10,8363.83,,,pandas-dev/pandas,python,16663,16663,1.000,1.0,1.0,0.9242689453074727,0.7346393630113782,0.7426142775581612,1.0,1.0,1.0,1.0,0.25,2.5,0.75,1.25
e54d023a07f7,48535b7de317,synsc-context,retrieval,q084,pandas read_csv with parsing options and dtypes,10,7910.36,,,pandas-dev/pandas,python,15623,15623,1.000,1.0,1.0,0.913896714584722,0.7346393630113782,0.7165902417430504,1.0,1.0,1.0,1.0,0.3333333333333333,3.3333333333333335,1.0,1.6666666666666667
e54d023a07f7,8b9c41d7d2d5,synsc-context,retrieval,q085,pandas missing data handling fillna dropna interpolate,10,10545.19,,,pandas-dev/pandas,python,16560,16560,1.000,1.0,0.5,0.8672730521478628,0.617319681505689,0.7742173914224189,1.0,1.0,1.0,1.0,0.25,2.5,0.75,1.25
e54d023a07f7,7832489cd7f7,synsc-context,retrieval,q086,pandas pivot table and crosstab for reshaping data,10,9009.51,,,pandas-dev/pandas,python,15671,15671,1.000,1.0,1.0,0.9398686809415092,0.8519590445170673,0.8073332658149857,1.0,1.0,1.0,1.0,0.25,2.5,0.75,1.25
e54d023a07f7,c8e4710b860d,synsc-context,retrieval,q087,pandas datetime index and time series resampling,10,8803.08,,,pandas-dev/pandas,python,15904,15904,1.000,1.0,0.5,0.9334235959390283,0.8821211986607034,0.9065280314885752,1.0,1.0,1.0,1.0,0.2,2.0,0.6,1.0
e54d023a07f7,dbea80b8950e,synsc-context,retrieval,q088,pandas apply and vectorized string operations,10,8287.19,,,pandas-dev/pandas,python,14959,14959,1.000,1.0,1.0,1.0,1.0,1.0,1.0,1.0,1.0,1.0,0.25,2.5,0.75,1.25
e54d023a07f7,bb7ff3633b9e,synsc-context,retrieval,q089,pandas MultiIndex creation and hierarchical indexing,10,7478.96,,,pandas-dev/pandas,python,19345,19345,1.000,1.0,1.0,0.937644388250178,0.7346393630113782,0.8649604154943542,1.0,1.0,1.0,1.0,0.25,2.5,0.75,1.25
e54d023a07f7,4343017491d3,synsc-context,retrieval,q090,pandas categorical data type and memory optimization,10,7677.23,,,pandas-dev/pandas,python,18964,18964,1.000,1.0,0.5,0.872469371334419,0.6480409554829326,0.704688883315162,1.0,1.0,1.0,1.0,0.25,2.5,0.75,1.25
e54d023a07f7,891a8e049ae5,synsc-context,retrieval,q091,NumPy array creation and initialization functions,10,7064.84,,,numpy/numpy,python,14634,14634,1.000,1.0,1.0,1.0,1.0,1.0,1.0,1.0,1.0,1.0,0.25,2.5,0.75,1.25
e54d023a07f7,2c5ddf9817a1,synsc-context,retrieval,q092,NumPy broadcasting rules and shape manipulation,10,10336.78,,,numpy/numpy,python,12491,3473,0.278,1.0,1.0,0.7920874914199381,0.46927872602275644,0.6508205185601091,1.0,0.3,0.3333333333333333,0.4,0.25,0.75,0.25,0.5
e54d023a07f7,93f796191f44,synsc-context,retrieval,q093,NumPy linear algebra matrix multiplication and eigenvalues,10,11571.29,,,numpy/numpy,python,14458,12469,0.862,1.0,1.0,0.9842184869190973,1.0,1.0,1.0,0.9,1.0,1.0,0.2,1.8,0.6,1.0
e54d023a07f7,3f628adaf084,synsc-context,retrieval,q094,NumPy random number generation with Generator,10,7171.29,,,numpy/numpy,python,13333,13333,1.000,1.0,0.5,0.907794242815066,0.7341740173706042,0.8756769827188949,1.0,1.0,1.0,1.0,0.25,2.5,0.75,1.25
e54d023a07f7,b088ae7e70b5,synsc-context,retrieval,q095,NumPy fancy indexing and boolean masking,10,7776.48,,,numpy/numpy,c,18181,11147,0.613,1.0,1.0,0.9796825595768971,1.0,1.0,1.0,0.6,1.0,1.0,0.25,1.5,0.75,1.25
e54d023a07f7,31e4bc8a2459,synsc-context,retrieval,q096,NumPy ufunc implementation and custom universal functions,10,7324.70,,,numpy/numpy,c,19918,19918,1.000,1.0,1.0,1.0,1.0,1.0,1.0,1.0,1.0,1.0,0.25,2.5,0.75,1.25
e54d023a07f7,101878b59658,synsc-context,retrieval,q097,NumPy structured arrays and record arrays with custom dtypes,10,9156.57,,,numpy/numpy,python,14535,14535,1.000,1.0,1.0,1.0,1.0,1.0,1.0,1.0,1.0,1.0,0.25,2.5,0.75,1.25
e54d023a07f7,889e9c3ecb8b,synsc-context,retrieval,q098,NumPy FFT fast Fourier transform and spectral analysis,10,6858.64,,,numpy/numpy,python,11639,11639,1.000,1.0,0.5,0.9006966918779292,0.7341740173706042,0.8661072012350618,1.0,1.0,1.0,1.0,0.25,2.5,0.75,1.25
e54d023a07f7,06aea6489dd9,synsc-context,retrieval,q099,NumPy memory layout C order vs Fortran order,10,7001.34,,,numpy/numpy,c,17177,17177,1.000,1.0,1.0,1.0,1.0,1.0,1.0,1.0,1.0,1.0,0.3333333333333333,3.3333333333333335,1.0,1.6666666666666667
e54d023a07f7,d5dac52cb740,synsc-context,retrieval,q100,NumPy file I/O save and load arrays from disk,10,6614.53,,,numpy/numpy,python,11280,8526,0.756,1.0,1.0,0.9325720109418509,1.0,0.7227265726449519,1.0,0.7,1.0,0.6,0.3333333333333333,2.3333333333333335,1.0,1.0
