run_id,trace_id,engine,benchmark_type,query_id,query_text,num_results,latency_ms,error,error_category,primary_repo,primary_language,total_tokens_returned,relevant_tokens_returned,token_efficiency,hallucination_rate
e71e05d58497,b3008aa6c798,nia,hallucination,,Create a FastAPI endpoint that accepts a JSON body with nested Pydantic models and returns a validated response,0,0.00,,,,,0,0,,0.0
e71e05d58497,5d5737d9b52f,nia,hallucination,,"Set up an async HTTPX client with custom timeout, retry logic, and connection pooling",0,0.00,,,,,0,0,,0.0
e71e05d58497,45870b017834,nia,hallucination,,"Define a Pydantic v2 model with custom validators, computed fields, and JSON schema customization",0,0.00,"[{'type': 'outdated_api', 'detail': ""'field_validator' uses deprecated API 'validator'"", 'call': 'field_validator', 'context_available': True}, {'type': 'outdated_api', 'detail': ""'field_validator' uses deprecated API 'validator'"", 'call': 'field_validator', 'context_available': True}, {'type': 'outdated_api', 'detail': ""'model_validator' uses deprecated API 'validator'"", 'call': 'model_validator', 'context_available': True}]",,,,0,0,,1.0
e71e05d58497,5e21e018afc8,nia,hallucination,,Implement SQLAlchemy 2.0 async session with select statements and relationship loading,0,0.00,"[{'type': 'search_failed', 'detail': ''}]",,,,0,0,,1.0
e71e05d58497,be428665add0,nia,hallucination,,"Create a Click CLI application with nested command groups, options with validation, and rich help text",0,0.00,"[{'type': 'invented_method', 'detail': ""Method 'click.BadParameter' not found in click API"", 'call': 'click.BadParameter', 'context_available': True}, {'type': 'invented_method', 'detail': ""Method 'click.BadParameter' not found in click API"", 'call': 'click.BadParameter', 'context_available': True}, {'type': 'invented_method', 'detail': ""Method 'click.BadParameter' not found in click API"", 'call': 'click.BadParameter', 'context_available': True}, {'type': 'invented_method', 'detail': ""Method 'cl",,,,0,0,,1.0
e71e05d58497,d2ab13268740,nia,hallucination,,"Build a LangChain RAG pipeline with document loading, text splitting, vector store, and retrieval chain",0,0.00,"[{'type': 'wrong_parameter', 'detail': ""Parameter 'model_name' not valid for ChatOpenAI()"", 'call': 'ChatOpenAI', 'parameter': 'model_name', 'context_available': True}, {'type': 'outdated_api', 'detail': ""'RetrievalQA.from_chain_type' uses deprecated API 'RetrievalQA'"", 'call': 'RetrievalQA.from_chain_type', 'context_available': True}]",,,,0,0,,1.0
e71e05d58497,af9e1e11cf7a,nia,hallucination,,"Implement a PyTorch training loop with mixed precision, gradient accumulation, and learning rate scheduling",0,0.00,,,,,0,0,,0.0
e71e05d58497,442a0211c153,nia,hallucination,,"Create a Stripe payment integration with checkout sessions, webhooks, and subscription management",0,0.00,"[{'type': 'invented_method', 'detail': ""Method 'stripe.checkout.Session.create' not found in stripe API"", 'call': 'stripe.checkout.Session.create', 'context_available': True}, {'type': 'invented_method', 'detail': ""Method 'stripe.checkout.Session.create' not found in stripe API"", 'call': 'stripe.checkout.Session.create', 'context_available': True}, {'type': 'invented_method', 'detail': ""Method 'stripe.checkout.Session.retrieve' not found in stripe API"", 'call': 'stripe.checkout.Session.retrieve'",,,,0,0,,1.0
e71e05d58497,df4bb188f4db,nia,hallucination,,"Build a Next.js App Router page with server components, data fetching, and loading states",0,0.00,,,,,0,0,,0.0
e71e05d58497,10bb1663b63c,nia,hallucination,,"Set up a Tailwind CSS v4 configuration with custom theme, plugins, and dark mode",0,0.00,,,,,0,0,,0.0
e71e05d58497,7661230a4688,nia,hallucination,,"Build a Django 5 REST API with class-based views, custom permissions, and queryset filtering",0,0.00,"[{'type': 'search_failed', 'detail': ''}]",,,,0,0,,1.0
e71e05d58497,628a7fea3209,nia,hallucination,,"Create a Flask application with Blueprints, custom error handlers, and SQLAlchemy integration",0,0.00,,,,,0,0,,0.0
e71e05d58497,528c2b16ddba,nia,hallucination,,"Implement a pandas DataFrame pipeline with method chaining, window functions, and categorical data handling",0,0.00,,,,,0,0,,0.0
e71e05d58497,ae9e3be36e04,nia,hallucination,,"Build a NumPy computation pipeline with broadcasting, structured arrays, and random number generation",0,0.00,,,,,0,0,,0.0
e71e05d58497,4058b8abba1a,nia,hallucination,,"Perform SciPy optimization with constraints, curve fitting, and sparse matrix operations",0,0.00,,,,,0,0,,0.0
e71e05d58497,d386afe20ee8,nia,hallucination,,"Build a Polars data pipeline with lazy frames, window functions, and expression API",0,0.00,"[{'type': 'search_failed', 'detail': ''}]",,,,0,0,,1.0
e71e05d58497,25fab6152005,nia,hallucination,,"Train a scikit-learn pipeline with custom transformers, cross-validation, and hyperparameter search",0,0.00,"[{'type': 'wrong_parameter', 'detail': ""Parameter 'strategy' not valid for Pipeline()"", 'call': 'Pipeline', 'parameter': 'strategy', 'context_available': True}, {'type': 'wrong_parameter', 'detail': ""Parameter 'strategy' not valid for Pipeline()"", 'call': 'Pipeline', 'parameter': 'strategy', 'context_available': True}, {'type': 'wrong_parameter', 'detail': ""Parameter 'transformers' not valid for Pipeline()"", 'call': 'Pipeline', 'parameter': 'transformers', 'context_available': True}, {'type': 'w",,,,0,0,,1.0
e71e05d58497,4a185d3e4ce8,nia,hallucination,,"Fine-tune a HuggingFace Transformers model with the Trainer API, custom data collator, and evaluation metrics",0,0.00,"[{'type': 'wrong_parameter', 'detail': ""Parameter 'logging_strategy' not valid for TrainingArguments()"", 'call': 'TrainingArguments', 'parameter': 'logging_strategy', 'context_available': True}, {'type': 'wrong_parameter', 'detail': ""Parameter 'metric_for_best_model' not valid for TrainingArguments()"", 'call': 'TrainingArguments', 'parameter': 'metric_for_best_model', 'context_available': True}, {'type': 'wrong_parameter', 'detail': ""Parameter 'greater_is_better' not valid for TrainingArguments(",,,,0,0,,1.0
e71e05d58497,4b8fb256b9ca,nia,hallucination,,"Create a Keras 3 model with functional API, custom training step, and multi-backend support",0,0.00,"[{'type': 'invented_method', 'detail': ""Method 'Keras' not found in keras API"", 'call': 'Keras', 'context_available': True}, {'type': 'invented_method', 'detail': ""Method 'keras.metrics.Mean' not found in keras API"", 'call': 'keras.metrics.Mean', 'context_available': True}, {'type': 'invented_method', 'detail': ""Method 'keras.metrics.MeanAbsoluteError' not found in keras API"", 'call': 'keras.metrics.MeanAbsoluteError', 'context_available': True}, {'type': 'invented_method', 'detail': ""Method 'ke",,,,0,0,,1.0
e71e05d58497,bfe98f31898e,nia,hallucination,,"Implement asyncio concurrent tasks with structured concurrency, timeout handling, and cancellation",0,0.00,"[{'type': 'invented_method', 'detail': ""Method 'asyncio.get_running_loop' not found in asyncio API"", 'call': 'asyncio.get_running_loop', 'context_available': True}, {'type': 'invented_method', 'detail': ""Method 'asyncio.get_running_loop' not found in asyncio API"", 'call': 'asyncio.get_running_loop', 'context_available': True}]",,,,0,0,,1.0
e71e05d58497,7bf0f4d876c2,nia,hallucination,,"Set up a Celery task queue with periodic tasks, result backends, retry policies, and task chaining",0,0.00,,,,,0,0,,0.0
e71e05d58497,2a495d730710,nia,hallucination,,"Build a Redis cache layer with pipelining, pub/sub messaging, and Lua scripting using redis-py",0,0.00,,,,,0,0,,0.0
e71e05d58497,62a2a32139f6,nia,hallucination,,"Implement a PyMongo aggregation pipeline with lookup, group, faceted search, and change streams",0,0.00,,,,,0,0,,0.0
e71e05d58497,94863f44bf63,nia,hallucination,,"Create a Typer CLI application with subcommands, rich help panels, and automatic shell completion",0,0.00,"[{'type': 'invented_method', 'detail': ""Method 'app.add_typer' not found in typer API"", 'call': 'app.add_typer', 'context_available': True}, {'type': 'invented_method', 'detail': ""Method 'app.add_typer' not found in typer API"", 'call': 'app.add_typer', 'context_available': True}]",,,,0,0,,1.0
e71e05d58497,83aca8b82e89,nia,hallucination,,"Build a Rich terminal UI with live display, tables, progress bars, and tree views",0,0.00,"[{'type': 'search_failed', 'detail': ''}]",,,,0,0,,1.0
e71e05d58497,964b4f9979ab,nia,hallucination,,"Set up structured logging with structlog including processors, formatters, and context binding",0,0.00,"[{'type': 'invented_method', 'detail': ""Method 'structlog.stdlib.PositionalArgumentsFormatter' not found in structlog API"", 'call': 'structlog.stdlib.PositionalArgumentsFormatter', 'context_available': True}, {'type': 'invented_method', 'detail': ""Method 'structlog.processors.TimeStamper' not found in structlog API"", 'call': 'structlog.processors.TimeStamper', 'context_available': True}, {'type': 'invented_method', 'detail': ""Method 'structlog.processors.StackInfoRenderer' not found in structlog",,,,0,0,,1.0
e71e05d58497,cafb4822d9f1,nia,hallucination,,"Create a Loguru logging setup with rotation, serialization, custom sinks, and structured output",0,0.00,,,,,0,0,,0.0
e71e05d58497,fcb7e4c93c8b,nia,hallucination,,"Build a React 19 application with server components, use hook, and concurrent features",0,0.00,,,,,0,0,,0.0
e71e05d58497,91b7c4a0fea3,nia,hallucination,,"Implement an Express.js REST API with middleware chain, error handling, and route organization",0,0.00,,,,,0,0,,0.0
e71e05d58497,ea4c896bbe82,nia,hallucination,,"Create a Prisma schema with relations, middleware, and complex queries using the client",0,0.00,,,,,0,0,,0.0
e71e05d58497,b8ae933cc76a,nia,hallucination,,"Build a Zod schema with complex validation, transforms, and type inference for a TypeScript API",0,0.00,,,,,0,0,,0.0
e71e05d58497,db8b88eaf7d3,nia,hallucination,,"Implement TanStack Query v5 with mutations, optimistic updates, and infinite scroll pagination",0,0.00,"[{'type': 'invented_method', 'detail': ""Method 'useInfinitePostsQuery' not found in tanstack-query API"", 'call': 'useInfinitePostsQuery', 'context_available': True}, {'type': 'invented_method', 'detail': ""Method 'queryClient.cancelQueries' not found in tanstack-query API"", 'call': 'queryClient.cancelQueries', 'context_available': True}, {'type': 'invented_method', 'detail': ""Method 'queryKeys.posts.infinite' not found in tanstack-query API"", 'call': 'queryKeys.posts.infinite', 'context_available",,,,0,0,,1.0
e71e05d58497,6a69e61be9eb,nia,hallucination,,"Build a Starlette ASGI application with WebSocket support, middleware, and background tasks",0,0.00,,,,,0,0,,0.0
e71e05d58497,e0154b907b10,nia,hallucination,,"Create an aiohttp web server with WebSocket support, sessions, and middleware",0,0.00,,,,,0,0,,0.0
e71e05d58497,b1b220b8e643,nia,hallucination,,"Build a Tornado web application with async request handlers, WebSockets, and coroutine patterns",0,0.00,,,,,0,0,,0.0
e71e05d58497,f708c71b09e4,nia,hallucination,,"Create a Sanic web application with blueprints, streaming, and signal-based middleware",0,0.00,,,,,0,0,,0.0
e71e05d58497,dcac5fe15e65,nia,hallucination,,"Build a Falcon REST API with middleware, hooks, responders, and ASGI support",0,0.00,"[{'type': 'invented_method', 'detail': ""Method 'falcon.HTTPUnsupportedMediaType' not found in falcon API"", 'call': 'falcon.HTTPUnsupportedMediaType', 'context_available': True}, {'type': 'invented_method', 'detail': ""Method 'falcon.HTTPUnauthorized' not found in falcon API"", 'call': 'falcon.HTTPUnauthorized', 'context_available': True}]",,,,0,0,,1.0
e71e05d58497,f02829a5427c,nia,hallucination,,"Implement a TensorFlow 2.x model with tf.data pipeline, custom training, and SavedModel export",0,0.00,"[{'type': 'search_failed', 'detail': ''}]",,,,0,0,,1.0
e71e05d58497,a9d7f6b6a2e4,nia,hallucination,,"Create a Dask distributed computation with delayed functions, DataFrames, and cluster management",0,0.00,"[{'type': 'invented_method', 'detail': ""Method 'create_dask_dataframe' not found in dask API"", 'call': 'create_dask_dataframe', 'context_available': True}, {'type': 'invented_method', 'detail': ""Method 'dask_array_computation' not found in dask API"", 'call': 'dask_array_computation', 'context_available': True}]",,,,0,0,,1.0
e71e05d58497,a904f84fd3a5,nia,hallucination,,"Build a Tortoise ORM application with models, relations, and async query building",0,0.00,,,,,0,0,,0.0
e71e05d58497,bf31de04568e,nia,hallucination,,"Implement a Peewee ORM application with model definitions, joins, and transaction management",0,0.00,,,,,0,0,,0.0
e71e05d58497,c8c79aac7962,nia,hallucination,,"Set up a requests-based HTTP client with session management, authentication, and streaming",0,0.00,,,,,0,0,,0.0
e71e05d58497,8137ef520fbf,nia,hallucination,,"Build a urllib3 connection pool with retries, TLS configuration, and proxy support",0,0.00,"[{'type': 'invented_method', 'detail': ""Method 'create_urllib3_context' not found in urllib3 API"", 'call': 'create_urllib3_context', 'context_available': True}, {'type': 'invented_method', 'detail': ""Method 'urllib3.util.url.parse_url' not found in urllib3 API"", 'call': 'urllib3.util.url.parse_url', 'context_available': True}, {'type': 'invented_method', 'detail': ""Method 'create_urllib3_context' not found in urllib3 API"", 'call': 'create_urllib3_context', 'context_available': True}]",,,,0,0,,1.0
e71e05d58497,93df76e8b40b,nia,hallucination,,"Implement a Gin web server with route groups, middleware, validation, and custom error handling in Go",0,0.00,"[{'type': 'invented_method', 'detail': ""Method 'gin.CustomRecovery' not found in gin API"", 'call': 'gin.CustomRecovery', 'context_available': True}]",,,,0,0,,1.0
e71e05d58497,f311ca538c89,nia,hallucination,,"Build an Echo web application with middleware, request binding, and response rendering in Go",0,0.00,"[{'type': 'invented_method', 'detail': ""Method 'Echo' not found in echo API"", 'call': 'Echo', 'context_available': True}]",,,,0,0,,1.0
e71e05d58497,89ff13c7a19c,nia,hallucination,,"Implement a GORM database layer with models, associations, hooks, and scoped queries in Go",0,0.00,,,,,0,0,,0.0
e71e05d58497,d13c5fb7dc0f,nia,hallucination,,"Build an Actix-web server with extractors, middleware, state management, and error handling in Rust",0,0.00,"[{'type': 'invented_method', 'detail': ""Method 'web' not found in actix-web API"", 'call': 'web', 'context_available': True}]",,,,0,0,,1.0
e71e05d58497,a877901aad4d,nia,hallucination,,"Implement a Tokio async runtime with channels, select, timers, and spawned tasks in Rust",0,0.00,,,,,0,0,,0.0
e71e05d58497,01aefcb9df02,nia,hallucination,,"Build a Serde serialization layer with custom derive, field attributes, and format support in Rust",0,0.00,"[{'type': 'search_failed', 'detail': ''}]",,,,0,0,,1.0
e71e05d58497,071472766fae,nia,hallucination,,"Implement a Django REST Framework API with serializers, viewsets, permissions, and pagination",0,0.00,,,,,0,0,,0.0
e71e05d58497,e8b9b75046d6,nia,hallucination,,"Create a Dramatiq task queue with actors, middleware, results backend, and rate limiting",0,0.00,,,,,0,0,,0.0
e71e05d58497,e43007aea739,nia,hallucination,,"Build an RQ (Redis Queue) worker setup with job scheduling, failure handling, and monitoring",0,0.00,,,,,0,0,,0.0
e71e05d58497,6c29ab93f3b2,nia,hallucination,,"Set up a Django 5 model layer with custom managers, querysets, signals, and migration operations",0,0.00,,,,,0,0,,0.0
e71e05d58497,ca9f9a25696e,nia,hallucination,,"Build a multi-step LangChain agent with tool calling, memory, and structured output",0,0.00,,,,,0,0,,0.0
e71e05d58497,37ec6f5e760b,nia,hallucination,,"Create a FastAPI application with OAuth2 authentication, dependency injection, and background tasks",0,0.00,,,,,0,0,,0.0
e71e05d58497,82a6c9eaae00,nia,hallucination,,Implement a complex Pydantic v2 settings management with environment variable parsing and nested configs,0,0.00,"[{'type': 'invented_method', 'detail': ""Method 'Settings' not found in pydantic-settings API"", 'call': 'Settings', 'context_available': True}]",,,,0,0,,1.0
e71e05d58497,4826156cdad4,nia,hallucination,,"Build a PyTorch Lightning training module with callbacks, logging, and distributed training",0,0.00,,,,,0,0,,0.0
e71e05d58497,a5b81cc12b61,nia,hallucination,,"Build a Next.js API route handler with middleware, streaming responses, and server actions",0,0.00,"[{'type': 'invented_method', 'detail': ""Method 'next' not found in next API"", 'call': 'next', 'context_available': True}, {'type': 'invented_method', 'detail': ""Method 'next' not found in next API"", 'call': 'next', 'context_available': True}]",,,,0,0,,1.0
e71e05d58497,c0bf8a8774d0,nia,hallucination,,"Create a comprehensive test suite with pytest including fixtures, parametrize, mocking, and async tests",0,0.00,"[{'type': 'invented_method', 'detail': ""Method 'pytest.mark.parametrize' not found in pytest API"", 'call': 'pytest.mark.parametrize', 'context_available': True}]",,,,0,0,,1.0
e71e05d58497,022ffdef8102,nia,hallucination,,"Set up a comprehensive mypy type checking configuration with plugins, overrides, and strict mode",0,0.00,"[{'type': 'invented_method', 'detail': ""Method 'generate_mypy_config' not found in mypy API"", 'call': 'generate_mypy_config', 'context_available': True}, {'type': 'invented_method', 'detail': ""Method 'generate_pyproject_mypy_config' not found in mypy API"", 'call': 'generate_pyproject_mypy_config', 'context_available': True}]",,,,0,0,,1.0
e71e05d58497,eb93c5545780,nia,hallucination,,"Build a SQLAlchemy 2.0 model with hybrid properties, custom types, and event listeners",0,0.00,,,,,0,0,,0.0
e71e05d58497,c8ae80387f6e,nia,hallucination,,"Implement a complete Docker Compose setup with multi-stage builds, health checks, and network configuration",0,0.00,"[{'type': 'invented_method', 'detail': ""Method 'generate_docker_compose_setup' not found in docker-compose API"", 'call': 'generate_docker_compose_setup', 'context_available': True}]",,,,0,0,,1.0
e71e05d58497,00f74a33251a,nia,hallucination,,"Create a Kubernetes deployment manifest with rolling updates, resource limits, probes, and autoscaling",0,0.00,"[{'type': 'invented_method', 'detail': ""Method 'create_kubernetes_manifests' not found in kubernetes API"", 'call': 'create_kubernetes_manifests', 'context_available': True}, {'type': 'invented_method', 'detail': ""Method 'create_kubernetes_manifests' not found in kubernetes API"", 'call': 'create_kubernetes_manifests', 'context_available': True}]",,,,0,0,,1.0
e71e05d58497,51e0c7a3b891,nia,hallucination,,"Build a Webpack 5 configuration with code splitting, module federation, and asset optimization",0,0.00,"[{'type': 'invented_method', 'detail': ""Method 'CleanWebpackPlugin' not found in webpack API"", 'call': 'CleanWebpackPlugin', 'context_available': True}, {'type': 'invented_method', 'detail': ""Method 'webpack.ProgressPlugin' not found in webpack API"", 'call': 'webpack.ProgressPlugin', 'context_available': True}, {'type': 'invented_method', 'detail': ""Method 'webpack.EnvironmentPlugin' not found in webpack API"", 'call': 'webpack.EnvironmentPlugin', 'context_available': True}]",,,,0,0,,1.0
e71e05d58497,6fae193c3a3f,nia,hallucination,,"Create a Matplotlib visualization with subplots, custom styling, annotations, and interactive features",0,0.00,,,,,0,0,,0.0
e71e05d58497,39d6a31a68ae,nia,hallucination,,"Build a Plotly interactive dashboard with subplots, animations, and custom themes",0,0.00,,,,,0,0,,0.0
e71e05d58497,b18f068d53cd,nia,hallucination,,"Create a Seaborn statistical visualization with faceted plots, regression, and custom palettes",0,0.00,,,,,0,0,,0.0
e71e05d58497,00712f052550,nia,hallucination,,Implement a Celery beat scheduler with timezone-aware periodic tasks and dynamic scheduling,0,0.00,,,,,0,0,,0.0
e71e05d58497,1b0dddbfdd54,nia,hallucination,,"Build a comprehensive Alembic migration setup with auto-generation, batch operations, and data migrations",0,0.00,"[{'type': 'wrong_parameter', 'detail': ""Parameter 'url' not valid for context.configure()"", 'call': 'context.configure', 'parameter': 'url', 'context_available': True}, {'type': 'wrong_parameter', 'detail': ""Parameter 'literal_binds' not valid for context.configure()"", 'call': 'context.configure', 'parameter': 'literal_binds', 'context_available': True}, {'type': 'wrong_parameter', 'detail': ""Parameter 'dialect_opts' not valid for context.configure()"", 'call': 'context.configure', 'parameter': '",,,,0,0,,1.0
e71e05d58497,0549ccc2a29a,nia,hallucination,,"Implement a Marshmallow schema with nested objects, custom fields, and two-way serialization",0,0.00,"[{'type': 'wrong_parameter', 'detail': ""Parameter 'only' not valid for fields.Nested()"", 'call': 'fields.Nested', 'parameter': 'only', 'context_available': True}, {'type': 'wrong_parameter', 'detail': ""Parameter 'exclude' not valid for fields.Nested()"", 'call': 'fields.Nested', 'parameter': 'exclude', 'context_available': True}]",,,,0,0,,1.0
e71e05d58497,ac5367ccaf19,nia,hallucination,,"Create a comprehensive AWS Boto3 setup for S3 operations with presigned URLs, multipart upload, and lifecycle rules",0,0.00,,,,,0,0,,0.0
e71e05d58497,6fad9230f3d1,nia,hallucination,,"Implement Google Cloud Firestore operations with transactions, batch writes, and real-time listeners",0,0.00,"[{'type': 'invented_method', 'detail': ""Method 'initialize_firestore' not found in google-cloud-firestore API"", 'call': 'initialize_firestore', 'context_available': True}, {'type': 'invented_method', 'detail': ""Method 'firestore.client' not found in google-cloud-firestore API"", 'call': 'firestore.client', 'context_available': True}, {'type': 'invented_method', 'detail': ""Method 'initialize_firestore' not found in google-cloud-firestore API"", 'call': 'initialize_firestore', 'context_available': T",,,,0,0,,1.0
e71e05d58497,4a9d72b432bd,nia,hallucination,,"Build a Celery task with custom serializers, priority queues, and canvas workflows",0,0.00,"[{'type': 'invented_method', 'detail': ""Method 'Celery' not found in celery API"", 'call': 'Celery', 'context_available': True}]",,,,0,0,,1.0
e71e05d58497,32f399638a92,nia,hallucination,,"Create an OpenAI API integration with chat completions, function calling, streaming, and embeddings",0,0.00,,,,,0,0,,0.0
e71e05d58497,2d5c5aa8b802,nia,hallucination,,"Build a Anthropic Claude integration with streaming, tool use, and multi-turn conversations",0,0.00,,,,,0,0,,0.0
e71e05d58497,df235d54c4bf,nia,hallucination,,"Implement a Supabase backend with auth, real-time subscriptions, storage, and edge functions",0,0.00,"[{'type': 'invented_method', 'detail': ""Method 'supabase.auth.sign_up' not found in supabase API"", 'call': 'supabase.auth.sign_up', 'context_available': True}, {'type': 'invented_method', 'detail': ""Method 'supabase.auth.sign_in_with_password' not found in supabase API"", 'call': 'supabase.auth.sign_in_with_password', 'context_available': True}, {'type': 'invented_method', 'detail': ""Method 'supabase.auth.sign_in_with_oauth' not found in supabase API"", 'call': 'supabase.auth.sign_in_with_oauth', ",,,,0,0,,1.0
e71e05d58497,f88c478265e8,nia,hallucination,,"Build a comprehensive GitHub Actions workflow with matrix strategy, caching, artifacts, and reusable workflows",0,0.00,"[{'type': 'invented_method', 'detail': ""Method 'generate_github_actions_workflow' not found in github-actions API"", 'call': 'generate_github_actions_workflow', 'context_available': True}]",,,,0,0,,1.0
e71e05d58497,bc516472f36d,nia,hallucination,,"Create a Terraform infrastructure configuration with modules, state management, and provider configuration",0,0.00,"[{'type': 'invented_method', 'detail': ""Method 'create_terraform_infrastructure' not found in terraform API"", 'call': 'create_terraform_infrastructure', 'context_available': True}]",,,,0,0,,1.0
e71e05d58497,b55d7b8f8f55,nia,hallucination,,"Implement a Svelte 5 component with runes, snippets, and fine-grained reactivity",0,0.00,,,,,0,0,,0.0
e71e05d58497,afbfa94fb543,nia,hallucination,,"Build a Vue 3 application with Composition API, Pinia store, and Vue Router 4",0,0.00,"[{'type': 'invented_method', 'detail': ""Method 'generate_vue3_app' not found in vue API"", 'call': 'generate_vue3_app', 'context_available': True}]",,,,0,0,,1.0
e71e05d58497,55e6c1d73095,nia,hallucination,,"Create an Angular 17 application with signals, standalone components, and new control flow",0,0.00,"[{'type': 'invented_method', 'detail': ""Method 'generate_angular_app' not found in angular API"", 'call': 'generate_angular_app', 'context_available': True}]",,,,0,0,,1.0
e71e05d58497,290e038bc5d1,nia,hallucination,,"Build a GraphQL API with Strawberry framework including subscriptions, dataloaders, and authentication",0,0.00,,,,,0,0,,0.0
e71e05d58497,af203b6a82e0,nia,hallucination,,"Create a comprehensive Pillow image processing pipeline with filters, compositing, and format conversion",0,0.00,,,,,0,0,,0.0
e71e05d58497,ea005eb41b86,nia,hallucination,,Implement a comprehensive Arrow/Parquet data pipeline with PyArrow for columnar data processing,0,0.00,,,,,0,0,,0.0
e71e05d58497,d2fa4fdb7768,nia,hallucination,,"Build a comprehensive cryptography setup with Fernet encryption, RSA key pairs, and certificate generation",0,0.00,"[{'type': 'invented_method', 'detail': ""Method 'RSACryptography' not found in cryptography API"", 'call': 'RSACryptography', 'context_available': True}]",,,,0,0,,1.0
e71e05d58497,da28c891e900,nia,hallucination,,"Create an Elasticsearch query with aggregations, highlighting, and suggesters using elasticsearch-py",0,0.00,,,,,0,0,,0.0
e71e05d58497,d382993b4a64,nia,hallucination,,"Implement a comprehensive GraphQL server with Ariadne including schema-first design, subscriptions, and uploads",0,0.00,,,,,0,0,,0.0
e71e05d58497,d2f04a73b360,nia,hallucination,,"Build a comprehensive Airflow DAG with task dependencies, sensors, hooks, and dynamic task mapping",0,0.00,,,,,0,0,,0.0
e71e05d58497,a0398a534cdc,nia,hallucination,,"Create a comprehensive Prefect 2 flow with tasks, retries, caching, and deployment configuration",0,0.00,"[{'type': 'wrong_parameter', 'detail': ""Parameter 'hours' not valid for task()"", 'call': 'task', 'parameter': 'hours', 'context_available': True}, {'type': 'wrong_parameter', 'detail': ""Parameter 'minutes' not valid for task()"", 'call': 'task', 'parameter': 'minutes', 'context_available': True}]",,,,0,0,,1.0
e71e05d58497,27c80757ab15,nia,hallucination,,"Implement a comprehensive gRPC service with protobuf, streaming, interceptors, and health checks in Python",0,0.00,"[{'type': 'invented_method', 'detail': ""Method 'GRPCError' not found in grpc API"", 'call': 'GRPCError', 'context_available': True}, {'type': 'invented_method', 'detail': ""Method 'grpc.unary_unary_rpc_method_handler' not found in grpc API"", 'call': 'grpc.unary_unary_rpc_method_handler', 'context_available': True}, {'type': 'invented_method', 'detail': ""Method 'grpc.unary_stream_rpc_method_handler' not found in grpc API"", 'call': 'grpc.unary_stream_rpc_method_handler', 'context_available': True}, ",,,,0,0,,1.0
e71e05d58497,0c958f6f8ac7,nia,hallucination,,"Build a FastAPI WebSocket server with connection management, broadcasting, and heartbeat",0,0.00,,,,,0,0,,0.0
e71e05d58497,e5b08774f339,nia,hallucination,,"Create a SQLModel application with models, relationships, and async database operations",0,0.00,,,,,0,0,,0.0
e71e05d58497,a8995837458f,nia,hallucination,,"Build a Tauri desktop application with commands, state management, and event system using Rust backend",0,0.00,"[{'type': 'invented_method', 'detail': ""Method 'create_tauri_app' not found in tauri API"", 'call': 'create_tauri_app', 'context_available': True}]",,,,0,0,,1.0
e71e05d58497,ed128e7b47c1,nia,hallucination,,"Implement a comprehensive Pytest-BDD test suite with scenarios, step definitions, and fixtures",0,0.00,"[{'type': 'invented_method', 'detail': ""Method 'pytest.fixture' not found in pytest-bdd API"", 'call': 'pytest.fixture', 'context_available': True}, {'type': 'wrong_parameter', 'detail': ""Parameter 'target_fixture' not valid for when()"", 'call': 'when', 'parameter': 'target_fixture', 'context_available': True}]",,,,0,0,,1.0
e71e05d58497,0acf7c071600,nia,hallucination,,"Create a Pydantic AI agent with tool definitions, structured output, and retry handling",0,0.00,"[{'type': 'wrong_parameter', 'detail': ""Parameter 'output_type' not valid for Agent()"", 'call': 'Agent', 'parameter': 'output_type', 'context_available': True}, {'type': 'wrong_parameter', 'detail': ""Parameter 'instructions' not valid for Agent()"", 'call': 'Agent', 'parameter': 'instructions', 'context_available': True}, {'type': 'invented_method', 'detail': ""Method 'response.raise_for_status' not found in pydantic-ai API"", 'call': 'response.raise_for_status', 'context_available': True}]",,,,0,0,,1.0
e71e05d58497,3a1e38759d0c,nia,hallucination,,"Build a comprehensive Regex pattern matching pipeline with named groups, lookahead, and Unicode support",0,0.00,"[{'type': 'invented_method', 'detail': ""Method 'results.append' not found in re API"", 'call': 'results.append', 'context_available': True}, {'type': 'invented_method', 'detail': ""Method 'extract_currencies' not found in re API"", 'call': 'extract_currencies', 'context_available': True}]",,,,0,0,,1.0
e71e05d58497,b59c4fea6ce9,nia,hallucination,,"Create a Pydantic dataclass with field aliases, discriminated unions, and custom JSON encoders",0,0.00,"[{'type': 'wrong_parameter', 'detail': ""Parameter 'gt' not valid for Field()"", 'call': 'Field', 'parameter': 'gt', 'context_available': True}]",,,,0,0,,1.0
e71e05d58497,a3918a115b6d,nia,hallucination,,Implement a complete HTMX-powered Django application with server-sent events and WebSocket fallback,0,0.00,"[{'type': 'invented_method', 'detail': ""Method 'django.setup' not found in django-htmx API"", 'call': 'django.setup', 'context_available': True}]",,,,0,0,,1.0
e71e05d58497,bc94fd3abdb4,nia,hallucination,,"Build a Neon serverless Postgres application with connection pooling, branching, and edge functions",0,0.00,"[{'type': 'invented_method', 'detail': ""Method 'NeonConnectionPool' not found in neon API"", 'call': 'NeonConnectionPool', 'context_available': True}]",,,,0,0,,1.0
e71e05d58497,1c93088e997b,nia,hallucination,,"Create a comprehensive tRPC API with routers, middleware, subscriptions, and React integration",0,0.00,"[{'type': 'invented_method', 'detail': ""Method 'generate_trpc_setup' not found in trpc API"", 'call': 'generate_trpc_setup', 'context_available': True}]",,,,0,0,,1.0
e71e05d58497,064c23df4eb3,context7,hallucination,,Create a FastAPI endpoint that accepts a JSON body with nested Pydantic models and returns a validated response,0,0.00,,,,,0,0,,0.0
e71e05d58497,274be3b24c39,context7,hallucination,,"Set up an async HTTPX client with custom timeout, retry logic, and connection pooling",0,0.00,,,,,0,0,,0.0
e71e05d58497,b14b29f9664b,context7,hallucination,,"Define a Pydantic v2 model with custom validators, computed fields, and JSON schema customization",0,0.00,"[{'type': 'outdated_api', 'detail': ""'field_validator' uses deprecated API 'validator'"", 'call': 'field_validator', 'context_available': True}, {'type': 'outdated_api', 'detail': ""'field_validator' uses deprecated API 'validator'"", 'call': 'field_validator', 'context_available': True}, {'type': 'outdated_api', 'detail': ""'field_validator' uses deprecated API 'validator'"", 'call': 'field_validator', 'context_available': True}, {'type': 'outdated_api', 'detail': ""'field_validator' uses deprecated ",,,,0,0,,1.0
e71e05d58497,ad0c1c06b6b1,context7,hallucination,,Implement SQLAlchemy 2.0 async session with select statements and relationship loading,0,0.00,,,,,0,0,,0.0
e71e05d58497,bda91a026857,context7,hallucination,,"Create a Click CLI application with nested command groups, options with validation, and rich help text",0,0.00,"[{'type': 'invented_method', 'detail': ""Method 'click.BadParameter' not found in click API"", 'call': 'click.BadParameter', 'context_available': True}, {'type': 'invented_method', 'detail': ""Method 'click.BadParameter' not found in click API"", 'call': 'click.BadParameter', 'context_available': True}, {'type': 'invented_method', 'detail': ""Method 'click.version_option' not found in click API"", 'call': 'click.version_option', 'context_available': True}]",,,,0,0,,1.0
e71e05d58497,ad42b6519c96,context7,hallucination,,"Build a LangChain RAG pipeline with document loading, text splitting, vector store, and retrieval chain",0,0.00,"[{'type': 'wrong_parameter', 'detail': ""Parameter 'openai_api_key' not valid for ChatOpenAI()"", 'call': 'ChatOpenAI', 'parameter': 'openai_api_key', 'context_available': True}]",,,,0,0,,1.0
e71e05d58497,b0d0cd53363a,context7,hallucination,,"Implement a PyTorch training loop with mixed precision, gradient accumulation, and learning rate scheduling",0,0.00,,,,,0,0,,0.0
e71e05d58497,63797231f5c4,context7,hallucination,,"Create a Stripe payment integration with checkout sessions, webhooks, and subscription management",0,0.00,"[{'type': 'invented_method', 'detail': ""Method 'stripe.StripeClient' not found in stripe API"", 'call': 'stripe.StripeClient', 'context_available': True}, {'type': 'invented_method', 'detail': ""Method 'stripe.checkout.Session.create' not found in stripe API"", 'call': 'stripe.checkout.Session.create', 'context_available': True}, {'type': 'invented_method', 'detail': ""Method 'stripe.Webhook.construct_event' not found in stripe API"", 'call': 'stripe.Webhook.construct_event', 'context_available': Tru",,,,0,0,,1.0
e71e05d58497,62fc52fdaf98,context7,hallucination,,"Build a Next.js App Router page with server components, data fetching, and loading states",0,0.00,"[{'type': 'invented_method', 'detail': ""Method 'create_nextjs_app_router_files' not found in next API"", 'call': 'create_nextjs_app_router_files', 'context_available': True}, {'type': 'invented_method', 'detail': ""Method 'create_nextjs_app_router_files' not found in next API"", 'call': 'create_nextjs_app_router_files', 'context_available': True}]",,,,0,0,,1.0
e71e05d58497,eefee341d394,context7,hallucination,,"Set up a Tailwind CSS v4 configuration with custom theme, plugins, and dark mode",0,0.00,,,,,0,0,,0.0
e71e05d58497,55638aba5571,context7,hallucination,,"Build a Django 5 REST API with class-based views, custom permissions, and queryset filtering",0,0.00,"[{'type': 'wrong_parameter', 'detail': ""Parameter 'author' not valid for Q()"", 'call': 'Q', 'parameter': 'author', 'context_available': True}, {'type': 'wrong_parameter', 'detail': ""Parameter 'content__icontains' not valid for Q()"", 'call': 'Q', 'parameter': 'content__icontains', 'context_available': True}]",,,,0,0,,1.0
e71e05d58497,3e0959fc4c64,context7,hallucination,,"Create a Flask application with Blueprints, custom error handlers, and SQLAlchemy integration",0,0.00,,,,,0,0,,0.0
e71e05d58497,ced0f69dbc1d,context7,hallucination,,"Implement a pandas DataFrame pipeline with method chaining, window functions, and categorical data handling",0,0.00,,,,,0,0,,0.0
e71e05d58497,cd72f22dd2c7,context7,hallucination,,"Build a NumPy computation pipeline with broadcasting, structured arrays, and random number generation",0,0.00,,,,,0,0,,0.0
e71e05d58497,8ff99c129b71,context7,hallucination,,"Perform SciPy optimization with constraints, curve fitting, and sparse matrix operations",0,0.00,,,,,0,0,,0.0
e71e05d58497,af8c292968bd,context7,hallucination,,"Build a Polars data pipeline with lazy frames, window functions, and expression API",0,0.00,,,,,0,0,,0.0
e71e05d58497,d0b2639342fb,context7,hallucination,,"Train a scikit-learn pipeline with custom transformers, cross-validation, and hyperparameter search",0,0.00,"[{'type': 'wrong_parameter', 'detail': ""Parameter 'n_std' not valid for Pipeline()"", 'call': 'Pipeline', 'parameter': 'n_std', 'context_available': True}]",,,,0,0,,1.0
e71e05d58497,3b338ae667eb,context7,hallucination,,"Fine-tune a HuggingFace Transformers model with the Trainer API, custom data collator, and evaluation metrics",0,0.00,"[{'type': 'wrong_parameter', 'detail': ""Parameter 'warmup_steps' not valid for TrainingArguments()"", 'call': 'TrainingArguments', 'parameter': 'warmup_steps', 'context_available': True}, {'type': 'wrong_parameter', 'detail': ""Parameter 'logging_dir' not valid for TrainingArguments()"", 'call': 'TrainingArguments', 'parameter': 'logging_dir', 'context_available': True}, {'type': 'wrong_parameter', 'detail': ""Parameter 'eval_steps' not valid for TrainingArguments()"", 'call': 'TrainingArguments', 'p",,,,0,0,,1.0
e71e05d58497,d71c4cb13a6c,context7,hallucination,,"Create a Keras 3 model with functional API, custom training step, and multi-backend support",0,0.00,"[{'type': 'invented_method', 'detail': ""Method 'keras' not found in keras API"", 'call': 'keras', 'context_available': True}, {'type': 'invented_method', 'detail': ""Method 'keras.metrics.Mean' not found in keras API"", 'call': 'keras.metrics.Mean', 'context_available': True}, {'type': 'invented_method', 'detail': ""Method 'keras.metrics.CategoricalAccuracy' not found in keras API"", 'call': 'keras.metrics.CategoricalAccuracy', 'context_available': True}, {'type': 'invented_method', 'detail': ""Method",,,,0,0,,1.0
e71e05d58497,e9ad4eea9043,context7,hallucination,,"Implement asyncio concurrent tasks with structured concurrency, timeout handling, and cancellation",0,0.00,"[{'type': 'invented_method', 'detail': ""Method 'asyncio.as_completed' not found in asyncio API"", 'call': 'asyncio.as_completed', 'context_available': True}]",,,,0,0,,1.0
e71e05d58497,f2e8b2608791,context7,hallucination,,"Set up a Celery task queue with periodic tasks, result backends, retry policies, and task chaining",0,0.00,,,,,0,0,,0.0
e71e05d58497,f512b5f1a87c,context7,hallucination,,"Build a Redis cache layer with pipelining, pub/sub messaging, and Lua scripting using redis-py",0,0.00,"[{'type': 'invented_method', 'detail': ""Method 'redis.call' not found in redis-py API"", 'call': 'redis.call', 'context_available': True}, {'type': 'invented_method', 'detail': ""Method 'redis.call' not found in redis-py API"", 'call': 'redis.call', 'context_available': True}, {'type': 'invented_method', 'detail': ""Method 'redis.call' not found in redis-py API"", 'call': 'redis.call', 'context_available': True}, {'type': 'invented_method', 'detail': ""Method 'redis.call' not found in redis-py API"", '",,,,0,0,,1.0
e71e05d58497,d052a372c034,context7,hallucination,,"Implement a PyMongo aggregation pipeline with lookup, group, faceted search, and change streams",0,0.00,,,,,0,0,,0.0
e71e05d58497,4e0f9acaac21,context7,hallucination,,"Create a Typer CLI application with subcommands, rich help panels, and automatic shell completion",0,0.00,"[{'type': 'invented_method', 'detail': ""Method 'app.add_typer' not found in typer API"", 'call': 'app.add_typer', 'context_available': True}, {'type': 'invented_method', 'detail': ""Method 'app.add_typer' not found in typer API"", 'call': 'app.add_typer', 'context_available': True}, {'type': 'invented_method', 'detail': ""Method 'app.add_typer' not found in typer API"", 'call': 'app.add_typer', 'context_available': True}]",,,,0,0,,1.0
e71e05d58497,efb698ef0c8b,context7,hallucination,,"Build a Rich terminal UI with live display, tables, progress bars, and tree views",0,0.00,"[{'type': 'wrong_parameter', 'detail': ""Parameter 'highlight' not valid for Table()"", 'call': 'Table', 'parameter': 'highlight', 'context_available': True}, {'type': 'wrong_parameter', 'detail': ""Parameter 'header_style' not valid for Table()"", 'call': 'Table', 'parameter': 'header_style', 'context_available': True}, {'type': 'wrong_parameter', 'detail': ""Parameter 'header_style' not valid for Table()"", 'call': 'Table', 'parameter': 'header_style', 'context_available': True}]",,,,0,0,,1.0
e71e05d58497,afa80ae90f52,context7,hallucination,,"Set up structured logging with structlog including processors, formatters, and context binding",0,0.00,"[{'type': 'invented_method', 'detail': ""Method 'structlog.stdlib.PositionalArgumentsFormatter' not found in structlog API"", 'call': 'structlog.stdlib.PositionalArgumentsFormatter', 'context_available': True}, {'type': 'invented_method', 'detail': ""Method 'structlog.processors.TimeStamper' not found in structlog API"", 'call': 'structlog.processors.TimeStamper', 'context_available': True}, {'type': 'invented_method', 'detail': ""Method 'structlog.processors.StackInfoRenderer' not found in structlog",,,,0,0,,1.0
e71e05d58497,c6d1bb4b8907,context7,hallucination,,"Create a Loguru logging setup with rotation, serialization, custom sinks, and structured output",0,0.00,,,,,0,0,,0.0
e71e05d58497,13ce9089309c,context7,hallucination,,"Build a React 19 application with server components, use hook, and concurrent features",0,0.00,"[{'type': 'invented_method', 'detail': ""Method 'ReactDOMClient.createRoot' not found in react API"", 'call': 'ReactDOMClient.createRoot', 'context_available': True}, {'type': 'invented_method', 'detail': ""Method 'ReactDOMClient.createRoot' not found in react API"", 'call': 'ReactDOMClient.createRoot', 'context_available': True}]",,,,0,0,,1.0
e71e05d58497,712476a4e50c,context7,hallucination,,"Implement an Express.js REST API with middleware chain, error handling, and route organization",0,0.00,"[{'type': 'invented_method', 'detail': ""Method 'Express.js' not found in express API"", 'call': 'Express.js', 'context_available': True}]",,,,0,0,,1.0
e71e05d58497,7b27aefcb85b,context7,hallucination,,"Create a Prisma schema with relations, middleware, and complex queries using the client",0,0.00,"[{'type': 'invented_method', 'detail': ""Method 'Prisma' not found in prisma API"", 'call': 'Prisma', 'context_available': True}]",,,,0,0,,1.0
e71e05d58497,20cacaae637a,context7,hallucination,,"Build a Zod schema with complex validation, transforms, and type inference for a TypeScript API",0,0.00,,,,,0,0,,0.0
e71e05d58497,eb8383564452,context7,hallucination,,"Implement TanStack Query v5 with mutations, optimistic updates, and infinite scroll pagination",0,0.00,"[{'type': 'invented_method', 'detail': ""Method 'set_query_data' not found in tanstack-query API"", 'call': 'set_query_data', 'context_available': True}, {'type': 'invented_method', 'detail': ""Method 'self._query_cache.get' not found in tanstack-query API"", 'call': 'self._query_cache.get', 'context_available': True}, {'type': 'invented_method', 'detail': ""Method 'get_query_data' not found in tanstack-query API"", 'call': 'get_query_data', 'context_available': True}, {'type': 'invented_method', 'det",,,,0,0,,1.0
e71e05d58497,3c3d12caef17,context7,hallucination,,"Build a Starlette ASGI application with WebSocket support, middleware, and background tasks",0,0.00,,,,,0,0,,0.0
e71e05d58497,764bc38c8c91,context7,hallucination,,"Create an aiohttp web server with WebSocket support, sessions, and middleware",0,0.00,,,,,0,0,,0.0
e71e05d58497,1224b0ab3008,context7,hallucination,,"Build a Tornado web application with async request handlers, WebSockets, and coroutine patterns",0,0.00,,,,,0,0,,0.0
e71e05d58497,53a59977b69c,context7,hallucination,,"Create a Sanic web application with blueprints, streaming, and signal-based middleware",0,0.00,"[{'type': 'invented_method', 'detail': ""Method 'sanic_json' not found in sanic API"", 'call': 'sanic_json', 'context_available': True}, {'type': 'invented_method', 'detail': ""Method 'sanic_json' not found in sanic API"", 'call': 'sanic_json', 'context_available': True}, {'type': 'invented_method', 'detail': ""Method 'sanic_json' not found in sanic API"", 'call': 'sanic_json', 'context_available': True}, {'type': 'invented_method', 'detail': ""Method 'sanic_json' not found in sanic API"", 'call': 'sani",,,,0,0,,1.0
e71e05d58497,a2981dedd22b,context7,hallucination,,"Build a Falcon REST API with middleware, hooks, responders, and ASGI support",0,0.00,"[{'type': 'invented_method', 'detail': ""Method 'falcon.HTTPUnauthorized' not found in falcon API"", 'call': 'falcon.HTTPUnauthorized', 'context_available': True}, {'type': 'invented_method', 'detail': ""Method 'falcon.HTTPForbidden' not found in falcon API"", 'call': 'falcon.HTTPForbidden', 'context_available': True}]",,,,0,0,,1.0
e71e05d58497,8c922cc174c5,context7,hallucination,,"Implement a TensorFlow 2.x model with tf.data pipeline, custom training, and SavedModel export",0,0.00,"[{'type': 'wrong_parameter', 'detail': ""Parameter 'shape' not valid for tf.function()"", 'call': 'tf.function', 'parameter': 'shape', 'context_available': True}, {'type': 'wrong_parameter', 'detail': ""Parameter 'dtype' not valid for tf.function()"", 'call': 'tf.function', 'parameter': 'dtype', 'context_available': True}]",,,,0,0,,1.0
e71e05d58497,943deaedceda,context7,hallucination,,"Create a Dask distributed computation with delayed functions, DataFrames, and cluster management",0,0.00,,,,,0,0,,0.0
e71e05d58497,605bea00118a,context7,hallucination,,"Build a Tortoise ORM application with models, relations, and async query building",0,0.00,,,,,0,0,,0.0
e71e05d58497,185189ed1cea,context7,hallucination,,"Implement a Peewee ORM application with model definitions, joins, and transaction management",0,0.00,,,,,0,0,,0.0
e71e05d58497,d9740aa7104a,context7,hallucination,,"Set up a requests-based HTTP client with session management, authentication, and streaming",0,0.00,"[{'type': 'wrong_parameter', 'detail': ""Parameter 'dict' not valid for get()"", 'call': 'get', 'parameter': 'dict', 'context_available': True}]",,,,0,0,,1.0
e71e05d58497,8088ec60cd67,context7,hallucination,,"Build a urllib3 connection pool with retries, TLS configuration, and proxy support",0,0.00,"[{'type': 'invented_method', 'detail': ""Method 'create_urllib3_context' not found in urllib3 API"", 'call': 'create_urllib3_context', 'context_available': True}, {'type': 'wrong_parameter', 'detail': ""Parameter 'raise_on_redirect' not valid for Retry()"", 'call': 'Retry', 'parameter': 'raise_on_redirect', 'context_available': True}, {'type': 'wrong_parameter', 'detail': ""Parameter 'respect_retry_after_header' not valid for Retry()"", 'call': 'Retry', 'parameter': 'respect_retry_after_header', 'cont",,,,0,0,,1.0
e71e05d58497,a5e56950478e,context7,hallucination,,"Implement a Gin web server with route groups, middleware, validation, and custom error handling in Go",0,0.00,"[{'type': 'invented_method', 'detail': ""Method 'login' not found in gin API"", 'call': 'login', 'context_available': True}]",,,,0,0,,1.0
e71e05d58497,1200c45c26e8,context7,hallucination,,"Build an Echo web application with middleware, request binding, and response rendering in Go",0,0.00,,,,,0,0,,0.0
e71e05d58497,7e40104cfc79,context7,hallucination,,"Implement a GORM database layer with models, associations, hooks, and scoped queries in Go",0,0.00,,,,,0,0,,0.0
e71e05d58497,288a646f755c,context7,hallucination,,"Build an Actix-web server with extractors, middleware, state management, and error handling in Rust",0,0.00,,,,,0,0,,0.0
e71e05d58497,1917ae1923fc,context7,hallucination,,"Implement a Tokio async runtime with channels, select, timers, and spawned tasks in Rust",0,0.00,,,,,0,0,,0.0
e71e05d58497,f570c7430e35,context7,hallucination,,"Build a Serde serialization layer with custom derive, field attributes, and format support in Rust",0,0.00,"[{'type': 'invented_method', 'detail': ""Method 'serde' not found in serde API"", 'call': 'serde', 'context_available': True}, {'type': 'invented_method', 'detail': ""Method 'serde' not found in serde API"", 'call': 'serde', 'context_available': True}, {'type': 'invented_method', 'detail': ""Method 'serde' not found in serde API"", 'call': 'serde', 'context_available': True}, {'type': 'invented_method', 'detail': ""Method 'serde' not found in serde API"", 'call': 'serde', 'context_available': True}, {'t",,,,0,0,,1.0
e71e05d58497,eeed32959e78,context7,hallucination,,"Implement a Django REST Framework API with serializers, viewsets, permissions, and pagination",0,0.00,,,,,0,0,,0.0
e71e05d58497,0e4e12b68f4f,context7,hallucination,,"Create a Dramatiq task queue with actors, middleware, results backend, and rate limiting",0,0.00,,,,,0,0,,0.0
e71e05d58497,73f7e0626ffe,context7,hallucination,,"Build an RQ (Redis Queue) worker setup with job scheduling, failure handling, and monitoring",0,0.00,,,,,0,0,,0.0
e71e05d58497,4c446de7de88,context7,hallucination,,"Set up a Django 5 model layer with custom managers, querysets, signals, and migration operations",0,0.00,,,,,0,0,,0.0
e71e05d58497,519535c95888,context7,hallucination,,"Build a multi-step LangChain agent with tool calling, memory, and structured output",0,0.00,,,,,0,0,,0.0
e71e05d58497,27464c0cf0e7,context7,hallucination,,"Create a FastAPI application with OAuth2 authentication, dependency injection, and background tasks",0,0.00,,,,,0,0,,0.0
e71e05d58497,97f1fee8289e,context7,hallucination,,Implement a complex Pydantic v2 settings management with environment variable parsing and nested configs,0,0.00,"[{'type': 'invented_method', 'detail': ""Method 'AppSettings' not found in pydantic-settings API"", 'call': 'AppSettings', 'context_available': True}, {'type': 'invented_method', 'detail': ""Method 'create_settings_from_env' not found in pydantic-settings API"", 'call': 'create_settings_from_env', 'context_available': True}, {'type': 'invented_method', 'detail': ""Method 'AppSettings' not found in pydantic-settings API"", 'call': 'AppSettings', 'context_available': True}, {'type': 'invented_method', '",,,,0,0,,1.0
e71e05d58497,762958b54d77,context7,hallucination,,"Build a PyTorch Lightning training module with callbacks, logging, and distributed training",0,0.00,"[{'type': 'invented_method', 'detail': ""Method 'LightningClassifier' not found in pytorch-lightning API"", 'call': 'LightningClassifier', 'context_available': True}, {'type': 'invented_method', 'detail': ""Method 'run_lightning_training' not found in pytorch-lightning API"", 'call': 'run_lightning_training', 'context_available': True}, {'type': 'invented_method', 'detail': ""Method 'LightningClassifier' not found in pytorch-lightning API"", 'call': 'LightningClassifier', 'context_available': True}]",,,,0,0,,1.0
e71e05d58497,2234b5af8223,context7,hallucination,,"Build a Next.js API route handler with middleware, streaming responses, and server actions",0,0.00,"[{'type': 'invented_method', 'detail': ""Method 'Next.js' not found in next API"", 'call': 'Next.js', 'context_available': True}]",,,,0,0,,1.0
e71e05d58497,a8050d09367b,context7,hallucination,,"Create a comprehensive test suite with pytest including fixtures, parametrize, mocking, and async tests",0,0.00,"[{'type': 'invented_method', 'detail': ""Method 'pytest.mark.parametrize' not found in pytest API"", 'call': 'pytest.mark.parametrize', 'context_available': True}, {'type': 'invented_method', 'detail': ""Method 'pytest.mark.parametrize' not found in pytest API"", 'call': 'pytest.mark.parametrize', 'context_available': True}, {'type': 'invented_method', 'detail': ""Method 'pytest.mark.parametrize' not found in pytest API"", 'call': 'pytest.mark.parametrize', 'context_available': True}]",,,,0,0,,1.0
e71e05d58497,9c60e095d562,context7,hallucination,,"Set up a comprehensive mypy type checking configuration with plugins, overrides, and strict mode",0,0.00,"[{'type': 'invented_method', 'detail': ""Method 'write_mypy_ini' not found in mypy API"", 'call': 'write_mypy_ini', 'context_available': True}, {'type': 'invented_method', 'detail': ""Method 'mypy_config.items' not found in mypy API"", 'call': 'mypy_config.items', 'context_available': True}, {'type': 'invented_method', 'detail': ""Method 'run_mypy' not found in mypy API"", 'call': 'run_mypy', 'context_available': True}, {'type': 'invented_method', 'detail': ""Method 'mypy' not found in mypy API"", 'call",,,,0,0,,1.0
e71e05d58497,fdc30a653b8f,context7,hallucination,,"Build a SQLAlchemy 2.0 model with hybrid properties, custom types, and event listeners",0,0.00,,,,,0,0,,0.0
e71e05d58497,84f4016f3230,context7,hallucination,,"Implement a complete Docker Compose setup with multi-stage builds, health checks, and network configuration",0,0.00,"[{'type': 'invented_method', 'detail': ""Method 'create_docker_compose_script' not found in docker-compose API"", 'call': 'create_docker_compose_script', 'context_available': True}, {'type': 'invented_method', 'detail': ""Method 'generate_dockerfile' not found in docker-compose API"", 'call': 'generate_dockerfile', 'context_available': True}, {'type': 'invented_method', 'detail': ""Method 'dockerfiles.get' not found in docker-compose API"", 'call': 'dockerfiles.get', 'context_available': True}, {'type",,,,0,0,,1.0
e71e05d58497,346ed6534740,context7,hallucination,,"Create a Kubernetes deployment manifest with rolling updates, resource limits, probes, and autoscaling",0,0.00,,,,,0,0,,0.0
e71e05d58497,b2159b369134,context7,hallucination,,"Build a Webpack 5 configuration with code splitting, module federation, and asset optimization",0,0.00,"[{'type': 'invented_method', 'detail': ""Method 'generate_webpack_config' not found in webpack API"", 'call': 'generate_webpack_config', 'context_available': True}]",,,,0,0,,1.0
e71e05d58497,91166fe2f479,context7,hallucination,,"Create a Matplotlib visualization with subplots, custom styling, annotations, and interactive features",0,0.00,"[{'type': 'wrong_parameter', 'detail': ""Parameter 'lw' not valid for plot()"", 'call': 'plot', 'parameter': 'lw', 'context_available': True}, {'type': 'wrong_parameter', 'detail': ""Parameter 'lw' not valid for plot()"", 'call': 'plot', 'parameter': 'lw', 'context_available': True}, {'type': 'wrong_parameter', 'detail': ""Parameter 'lw' not valid for plot()"", 'call': 'plot', 'parameter': 'lw', 'context_available': True}, {'type': 'wrong_parameter', 'detail': ""Parameter 'lw' not valid for plot()"", 'c",,,,0,0,,1.0
e71e05d58497,3a6f76307734,context7,hallucination,,"Build a Plotly interactive dashboard with subplots, animations, and custom themes",0,0.00,,,,,0,0,,0.0
e71e05d58497,eb03d0352f11,context7,hallucination,,"Create a Seaborn statistical visualization with faceted plots, regression, and custom palettes",0,0.00,,,,,0,0,,0.0
e71e05d58497,9f9a031cfd1c,context7,hallucination,,Implement a Celery beat scheduler with timezone-aware periodic tasks and dynamic scheduling,0,0.00,"[{'type': 'invented_method', 'detail': ""Method 'create_celery_app' not found in celery API"", 'call': 'create_celery_app', 'context_available': True}, {'type': 'invented_method', 'detail': ""Method 'create_celery_app' not found in celery API"", 'call': 'create_celery_app', 'context_available': True}]",,,,0,0,,1.0
e71e05d58497,17177e6c0543,context7,hallucination,,"Build a comprehensive Alembic migration setup with auto-generation, batch operations, and data migrations",0,0.00,"[{'type': 'wrong_parameter', 'detail': ""Parameter 'url' not valid for context.configure()"", 'call': 'context.configure', 'parameter': 'url', 'context_available': True}, {'type': 'wrong_parameter', 'detail': ""Parameter 'literal_binds' not valid for context.configure()"", 'call': 'context.configure', 'parameter': 'literal_binds', 'context_available': True}, {'type': 'wrong_parameter', 'detail': ""Parameter 'dialect_opts' not valid for context.configure()"", 'call': 'context.configure', 'parameter': '",,,,0,0,,1.0
e71e05d58497,081483f80449,context7,hallucination,,"Implement a Marshmallow schema with nested objects, custom fields, and two-way serialization",0,0.00,,,,,0,0,,0.0
e71e05d58497,6c75a8bb5330,context7,hallucination,,"Create a comprehensive AWS Boto3 setup for S3 operations with presigned URLs, multipart upload, and lifecycle rules",0,0.00,,,,,0,0,,0.0
e71e05d58497,626b283339ba,context7,hallucination,,"Implement Google Cloud Firestore operations with transactions, batch writes, and real-time listeners",0,0.00,"[{'type': 'wrong_parameter', 'detail': ""Parameter 'filter' not valid for where()"", 'call': 'where', 'parameter': 'filter', 'context_available': True}, {'type': 'wrong_parameter', 'detail': ""Parameter 'filter' not valid for where()"", 'call': 'where', 'parameter': 'filter', 'context_available': True}]",,,,0,0,,1.0
e71e05d58497,fb399cea59e6,context7,hallucination,,"Build a Celery task with custom serializers, priority queues, and canvas workflows",0,0.00,"[{'type': 'invented_method', 'detail': ""Method 'Celery' not found in celery API"", 'call': 'Celery', 'context_available': True}]",,,,0,0,,1.0
e71e05d58497,6d33090d9f2b,context7,hallucination,,"Create an OpenAI API integration with chat completions, function calling, streaming, and embeddings",0,0.00,,,,,0,0,,0.0
e71e05d58497,fbc1861fea7e,context7,hallucination,,"Build a Anthropic Claude integration with streaming, tool use, and multi-turn conversations",0,0.00,,,,,0,0,,0.0
e71e05d58497,4b22354b1765,context7,hallucination,,"Implement a Supabase backend with auth, real-time subscriptions, storage, and edge functions",0,0.00,"[{'type': 'invented_method', 'detail': ""Method 'get_supabase_client' not found in supabase API"", 'call': 'get_supabase_client', 'context_available': True}, {'type': 'invented_method', 'detail': ""Method 'get_supabase_client' not found in supabase API"", 'call': 'get_supabase_client', 'context_available': True}, {'type': 'invented_method', 'detail': ""Method 'get_supabase_client' not found in supabase API"", 'call': 'get_supabase_client', 'context_available': True}, {'type': 'wrong_parameter', 'detai",,,,0,0,,1.0
e71e05d58497,9ebf57df32e4,context7,hallucination,,"Build a comprehensive GitHub Actions workflow with matrix strategy, caching, artifacts, and reusable workflows",0,0.00,,,,,0,0,,0.0
e71e05d58497,f338464f99db,context7,hallucination,,"Create a Terraform infrastructure configuration with modules, state management, and provider configuration",0,0.00,"[{'type': 'invented_method', 'detail': ""Method 'create_terraform_project' not found in terraform API"", 'call': 'create_terraform_project', 'context_available': True}]",,,,0,0,,1.0
e71e05d58497,43111a2775bc,context7,hallucination,,"Implement a Svelte 5 component with runes, snippets, and fine-grained reactivity",0,0.00,,,,,0,0,,0.0
e71e05d58497,a3fe578e65c6,context7,hallucination,,"Build a Vue 3 application with Composition API, Pinia store, and Vue Router 4",0,0.00,,,,,0,0,,0.0
e71e05d58497,ca6e46debb0f,context7,hallucination,,"Create an Angular 17 application with signals, standalone components, and new control flow",0,0.00,,,,,0,0,,0.0
e71e05d58497,24e399a1fbe7,context7,hallucination,,"Build a GraphQL API with Strawberry framework including subscriptions, dataloaders, and authentication",0,0.00,,,,,0,0,,0.0
e71e05d58497,c259e41928f0,context7,hallucination,,"Create a comprehensive Pillow image processing pipeline with filters, compositing, and format conversion",0,0.00,,,,,0,0,,0.0
e71e05d58497,67c74433a4fc,context7,hallucination,,Implement a comprehensive Arrow/Parquet data pipeline with PyArrow for columnar data processing,0,0.00,,,,,0,0,,0.0
e71e05d58497,8b41ba029f63,context7,hallucination,,"Build a comprehensive cryptography setup with Fernet encryption, RSA key pairs, and certificate generation",0,0.00,,,,,0,0,,0.0
e71e05d58497,4bc91a2937a2,context7,hallucination,,"Create an Elasticsearch query with aggregations, highlighting, and suggesters using elasticsearch-py",0,0.00,,,,,0,0,,0.0
e71e05d58497,b29d998c93c1,context7,hallucination,,"Implement a comprehensive GraphQL server with Ariadne including schema-first design, subscriptions, and uploads",0,0.00,,,,,0,0,,0.0
e71e05d58497,cbaf274c934f,context7,hallucination,,"Build a comprehensive Airflow DAG with task dependencies, sensors, hooks, and dynamic task mapping",0,0.00,,,,,0,0,,0.0
e71e05d58497,ccd1340847a9,context7,hallucination,,"Create a comprehensive Prefect 2 flow with tasks, retries, caching, and deployment configuration",0,0.00,,,,,0,0,,0.0
e71e05d58497,d11db22a3451,context7,hallucination,,"Implement a comprehensive gRPC service with protobuf, streaming, interceptors, and health checks in Python",0,0.00,"[{'type': 'invented_method', 'detail': ""Method 'grpc.unary_unary_rpc_method_handler' not found in grpc API"", 'call': 'grpc.unary_unary_rpc_method_handler', 'context_available': True}, {'type': 'invented_method', 'detail': ""Method 'grpc.unary_unary_rpc_method_handler' not found in grpc API"", 'call': 'grpc.unary_unary_rpc_method_handler', 'context_available': True}]",,,,0,0,,1.0
e71e05d58497,73a6470eeadd,context7,hallucination,,"Build a FastAPI WebSocket server with connection management, broadcasting, and heartbeat",0,0.00,"[{'type': 'wrong_parameter', 'detail': ""Parameter 'username' not valid for WebSocket()"", 'call': 'WebSocket', 'parameter': 'username', 'context_available': True}]",,,,0,0,,1.0
e71e05d58497,0a149db67b33,context7,hallucination,,"Create a SQLModel application with models, relationships, and async database operations",0,0.00,"[{'type': 'invented_method', 'detail': ""Method 'SQLModel.metadata.create_all' not found in sqlmodel API"", 'call': 'SQLModel.metadata.create_all', 'context_available': True}]",,,,0,0,,1.0
e71e05d58497,d0d0500266f3,context7,hallucination,,"Build a Tauri desktop application with commands, state management, and event system using Rust backend",0,0.00,"[{'type': 'invented_method', 'detail': ""Method 'create_tauri_app' not found in tauri API"", 'call': 'create_tauri_app', 'context_available': True}]",,,,0,0,,1.0
e71e05d58497,1a81fa139647,context7,hallucination,,"Implement a comprehensive Pytest-BDD test suite with scenarios, step definitions, and fixtures",0,0.00,,,,,0,0,,0.0
e71e05d58497,761f37e479e2,context7,hallucination,,"Create a Pydantic AI agent with tool definitions, structured output, and retry handling",0,0.00,"[{'type': 'wrong_parameter', 'detail': ""Parameter 'output_type' not valid for Agent()"", 'call': 'Agent', 'parameter': 'output_type', 'context_available': True}, {'type': 'wrong_parameter', 'detail': ""Parameter 'validation_context' not valid for Agent()"", 'call': 'Agent', 'parameter': 'validation_context', 'context_available': True}]",,,,0,0,,1.0
e71e05d58497,2db3d4a7f4cd,context7,hallucination,,"Build a comprehensive Regex pattern matching pipeline with named groups, lookahead, and Unicode support",0,0.00,"[{'type': 'invented_method', 'detail': ""Method 'MatchResult' not found in re API"", 'call': 'MatchResult', 'context_available': True}, {'type': 'invented_method', 'detail': ""Method 'MatchResult' not found in re API"", 'call': 'MatchResult', 'context_available': True}, {'type': 'invented_method', 'detail': ""Method 'MatchResult' not found in re API"", 'call': 'MatchResult', 'context_available': True}, {'type': 'invented_method', 'detail': ""Method 'self.results.append' not found in re API"", 'call': 's",,,,0,0,,1.0
e71e05d58497,f8580ce8b906,context7,hallucination,,"Create a Pydantic dataclass with field aliases, discriminated unions, and custom JSON encoders",0,0.00,,,,,0,0,,0.0
e71e05d58497,8f37b03b2299,context7,hallucination,,Implement a complete HTMX-powered Django application with server-sent events and WebSocket fallback,0,0.00,"[{'type': 'invented_method', 'detail': ""Method 'htmx_event_fragment' not found in django-htmx API"", 'call': 'htmx_event_fragment', 'context_available': True}]",,,,0,0,,1.0
e71e05d58497,4151a5bdfdcf,context7,hallucination,,"Build a Neon serverless Postgres application with connection pooling, branching, and edge functions",0,0.00,,,,,0,0,,0.0
e71e05d58497,369e7c4b7cf0,context7,hallucination,,"Create a comprehensive tRPC API with routers, middleware, subscriptions, and React integration",0,0.00,,,,,0,0,,0.0
