run_id,trace_id,engine,benchmark_type,query_id,query_text,num_results,latency_ms,error,error_category,primary_repo,primary_language,total_tokens_returned,relevant_tokens_returned,token_efficiency,avg_hop_mrr,hop_coverage,hop_recall_at_10,hop_recall_at_5
acb62a29cc90,420468f6507f,synsc-context,multihop,mh001,How does FastAPI validate request bodies using Pydantic models and what errors does it return for invalid data?,0,10088.14,,,,,0,0,,1.0,1.0,1.0,1.0
acb62a29cc90,1ee9585b0d46,synsc-context,multihop,mh002,How to set up an async database session in FastAPI using SQLAlchemy with dependency injection?,0,6143.67,,,,,0,0,,0.8333333333333334,1.0,1.0,1.0
acb62a29cc90,c7b4f44588b5,synsc-context,multihop,mh003,How to implement OAuth2 authentication in FastAPI with password hashing and JWT tokens?,0,6138.83,,,,,0,0,,0.5555555555555555,1.0,1.0,1.0
acb62a29cc90,2e09d7dbdbe9,synsc-context,multihop,mh004,How does HTTPX handle SSL certificate verification and what happens when connecting through a proxy?,0,8494.04,,,,,0,0,,1.0,1.0,1.0,1.0
acb62a29cc90,fd94f494e00b,synsc-context,multihop,mh005,How to build a FastAPI WebSocket endpoint that broadcasts messages to multiple connected clients with authentication?,0,7574.28,,,,,0,0,,0.611111111111111,1.0,1.0,1.0
acb62a29cc90,c6731e671a2a,synsc-context,multihop,mh006,How does Pydantic handle nested model serialization with custom types and what JSON schema does it generate?,0,7478.34,,,,,0,0,,1.0,1.0,1.0,1.0
acb62a29cc90,b3066fef83cf,synsc-context,multihop,mh007,"How to configure FastAPI middleware stack with CORS, rate limiting, and request logging?",0,6442.38,,,,,0,0,,0.8333333333333334,1.0,1.0,1.0
acb62a29cc90,43582dd812b1,synsc-context,multihop,mh008,"How to implement file upload with streaming in FastAPI, validate the file type, and store it with metadata?",0,6576.22,,,,,0,0,,1.0,1.0,1.0,1.0
acb62a29cc90,cfae4fbe52da,synsc-context,multihop,mh009,How does HTTPX implement request retry with exponential backoff and what events does it expose for monitoring?,0,9491.80,,,,,0,0,,1.0,1.0,1.0,1.0
acb62a29cc90,43d0613ca8ad,synsc-context,multihop,mh010,"How to set up Pydantic Settings management with environment variables, .env files, and validation?",0,5936.82,,,,,0,0,,1.0,1.0,1.0,1.0
acb62a29cc90,453f28e33565,synsc-context,multihop,mh011,How to implement rate limiting middleware in FastAPI with Redis backend?,0,6240.18,,,,,0,0,,0.5476190476190476,1.0,1.0,0.6666666666666666
acb62a29cc90,810401f05354,synsc-context,multihop,mh012,How to implement background task processing in FastAPI with status tracking?,0,6613.85,,,,,0,0,,0.6666666666666666,1.0,1.0,1.0
acb62a29cc90,5eeed212ffef,synsc-context,multihop,mh013,How to implement API versioning in FastAPI with separate routers and deprecation notices?,0,6695.31,,,,,0,0,,1.0,1.0,1.0,1.0
acb62a29cc90,f7edffefadcc,synsc-context,multihop,mh014,How does FastAPI handle form data with file uploads and additional metadata fields?,0,6180.11,,,,,0,0,,1.0,1.0,1.0,1.0
acb62a29cc90,01e03f392dd8,synsc-context,multihop,mh015,How to set up OpenAPI schema customization with security schemes and example requests in FastAPI?,0,5640.70,,,,,0,0,,0.8333333333333334,1.0,1.0,1.0
acb62a29cc90,b22af5e68e23,synsc-context,multihop,mh016,How to implement server-sent events (SSE) streaming endpoint in FastAPI?,0,8197.73,,,,,0,0,,1.0,1.0,1.0,1.0
acb62a29cc90,0b1a077c1ef7,synsc-context,multihop,mh017,How to implement custom OpenAPI documentation page with Swagger UI and ReDoc in FastAPI?,0,6278.33,,,,,0,0,,1.0,1.0,1.0,1.0
acb62a29cc90,d25a116d2245,synsc-context,multihop,mh018,How to handle multipart form data with nested JSON and file uploads in FastAPI?,0,6205.66,,,,,0,0,,1.0,1.0,1.0,1.0
acb62a29cc90,1d05549ac462,synsc-context,multihop,mh019,How to implement GraphQL endpoint in FastAPI using Strawberry?,0,6486.97,,,,,0,0,,0.8333333333333334,1.0,1.0,1.0
acb62a29cc90,e8c94c7e77eb,synsc-context,multihop,mh020,How to test FastAPI WebSocket endpoints with pytest and httpx?,0,5834.12,,,,,0,0,,1.0,1.0,1.0,1.0
acb62a29cc90,2ccf7bf41d54,synsc-context,multihop,mh021,How to implement health checks with dependency verification in FastAPI?,0,5936.49,,,,,0,0,,0.5,1.0,1.0,1.0
acb62a29cc90,27619cfad291,synsc-context,multihop,mh022,How to implement request/response logging middleware with structured logging in FastAPI?,0,5826.65,,,,,0,0,,1.0,1.0,1.0,1.0
acb62a29cc90,a59fd9ef827d,synsc-context,multihop,mh023,How does FastAPI implement OpenAPI schema generation from route definitions?,0,8097.44,,,,,0,0,,0.8333333333333334,1.0,1.0,1.0
acb62a29cc90,961016809208,synsc-context,multihop,mh024,"How to implement content negotiation in FastAPI for JSON, XML, and CSV responses?",0,6642.92,,,,,0,0,,1.0,1.0,1.0,1.0
acb62a29cc90,9c636bb776d5,synsc-context,multihop,mh025,How to implement pagination with cursor-based and offset-based strategies in FastAPI?,0,5935.77,,,,,0,0,,1.0,1.0,1.0,1.0
acb62a29cc90,47da9c2b7d98,synsc-context,multihop,mh026,"How does Django process an HTTP request through middleware, URL resolution, and view dispatch?",0,6550.33,,,,,0,0,,0.75,1.0,1.0,1.0
acb62a29cc90,875e5bdbe86f,synsc-context,multihop,mh027,How to implement custom model managers and querysets with chainable methods in Django?,0,7367.05,,,,,0,0,,1.0,1.0,1.0,1.0
acb62a29cc90,7bbeda56a1d3,synsc-context,multihop,mh028,How does Django's ORM translate a complex query with annotations and subqueries to SQL?,0,7883.79,,,,,0,0,,1.0,1.0,1.0,1.0
acb62a29cc90,5e5bac87b6ae,synsc-context,multihop,mh029,How to implement custom authentication backend with permissions in Django?,0,6243.33,,,,,0,0,,1.0,1.0,1.0,1.0
acb62a29cc90,f7e7f3eda000,synsc-context,multihop,mh030,How does Django's migration system detect model changes and generate migration files?,0,6346.58,,,,,0,0,,0.8333333333333334,1.0,1.0,1.0
acb62a29cc90,c37bb2118ab8,synsc-context,multihop,mh031,How to implement Django signals for post-save model actions with related object updates?,0,7985.24,,,,,0,0,,1.0,1.0,1.0,1.0
acb62a29cc90,a57695fe865e,synsc-context,multihop,mh032,How to implement custom Django template tags and filters with inclusion tags?,0,7162.29,,,,,0,0,,1.0,1.0,1.0,1.0
acb62a29cc90,df93c1441ab7,synsc-context,multihop,mh033,How does Django REST Framework serialize nested models with write support?,0,5937.47,,,,,0,0,,0.7777777777777778,1.0,1.0,1.0
acb62a29cc90,9df5bb0dbc35,synsc-context,multihop,mh034,How to implement Django Channels WebSocket consumer with group broadcasting?,0,6962.43,,,,,0,0,,0.3333333333333333,0.3333333333333333,0.3333333333333333,0.3333333333333333
acb62a29cc90,a0b69fdc333c,synsc-context,multihop,mh035,How does Django's form validation work with model forms and custom clean methods?,0,6343.60,,,,,0,0,,1.0,1.0,1.0,1.0
acb62a29cc90,c5cf31827859,synsc-context,multihop,mh036,How to implement custom admin actions and list filters in Django admin?,0,7056.47,,,,,0,0,,1.0,1.0,1.0,1.0
acb62a29cc90,0ea84fdd5496,synsc-context,multihop,mh037,How does Django's class-based view handle GET and POST with form processing?,0,7022.62,,,,,0,0,,1.0,1.0,1.0,1.0
acb62a29cc90,29ef365cae32,synsc-context,multihop,mh038,"How to implement caching with per-view cache, template fragment cache, and low-level cache in Django?",0,6491.77,,,,,0,0,,1.0,1.0,1.0,1.0
acb62a29cc90,fe135e79bf7a,synsc-context,multihop,mh039,How does Django's prefetch_related optimize queries for reverse foreign keys and many-to-many?,0,7541.81,,,,,0,0,,1.0,1.0,1.0,1.0
acb62a29cc90,cfafeec7f8fe,synsc-context,multihop,mh040,How to implement multi-database routing in Django with read replicas?,0,6186.11,,,,,0,0,,1.0,1.0,1.0,1.0
acb62a29cc90,43f7e8c3973c,synsc-context,multihop,mh041,How to implement content types and generic relations in Django?,0,6025.11,,,,,0,0,,1.0,1.0,1.0,1.0
acb62a29cc90,604a93794ed4,synsc-context,multihop,mh042,How to implement custom User model with email-based authentication in Django?,0,5939.51,,,,,0,0,,1.0,1.0,1.0,1.0
acb62a29cc90,758f579ad1ca,synsc-context,multihop,mh043,How does Django's test client simulate authenticated requests with session and cookies?,0,6859.18,,,,,0,0,,0.7222222222222223,1.0,1.0,0.6666666666666666
acb62a29cc90,d16c922bf0cb,synsc-context,multihop,mh044,How to implement Django REST Framework viewsets with custom actions and permissions?,0,7269.38,,,,,0,0,,0.5277777777777778,1.0,1.0,1.0
acb62a29cc90,5fb0561ab0f0,synsc-context,multihop,mh045,How does Django handle database transactions with atomic blocks and savepoints?,0,6851.76,,,,,0,0,,1.0,1.0,1.0,1.0
acb62a29cc90,c93cdc1a2828,synsc-context,multihop,mh046,How to implement Flask application factory with blueprints and extensions?,0,7162.60,,,,,0,0,,1.0,1.0,1.0,1.0
acb62a29cc90,b62522fc1c16,synsc-context,multihop,mh047,How to implement JWT authentication with refresh tokens in Flask?,0,6454.78,,,,,0,0,,0.8333333333333334,1.0,1.0,1.0
acb62a29cc90,ea103e0c51e7,synsc-context,multihop,mh048,How to implement Flask error handlers with custom error pages and JSON responses?,0,6493.05,,,,,0,0,,1.0,1.0,1.0,1.0
acb62a29cc90,7d0820ae336f,synsc-context,multihop,mh049,How to implement Flask-SQLAlchemy models with relationships and migrations?,0,6091.73,,,,,0,0,,0.25,1.0,1.0,1.0
acb62a29cc90,421f7d558afc,synsc-context,multihop,mh050,How to implement Flask middleware for request timing and logging?,0,6960.17,,,,,0,0,,0.4365079365079365,1.0,1.0,0.3333333333333333
acb62a29cc90,ae88bfe97611,synsc-context,multihop,mh051,How to implement Flask-Login with remember me and session management?,0,10134.63,,,,,0,0,,0.3333333333333333,1.0,1.0,1.0
acb62a29cc90,5514921099f4,synsc-context,multihop,mh052,How to implement Flask SocketIO with rooms and event broadcasting?,0,6557.74,,,,,0,0,,1.0,1.0,1.0,1.0
acb62a29cc90,9297737ef3d6,synsc-context,multihop,mh053,How to implement Flask-WTF forms with CSRF protection and file uploads?,0,5624.62,,,,,0,0,,0.38095238095238093,0.6666666666666666,0.6666666666666666,0.3333333333333333
acb62a29cc90,82fd1142e86c,synsc-context,multihop,mh054,How to implement caching in Flask with Redis and per-route cache invalidation?,0,6444.51,,,,,0,0,,0.8333333333333334,1.0,1.0,1.0
acb62a29cc90,d403bab533a6,synsc-context,multihop,mh055,How to implement Flask CLI commands with Click integration?,0,6190.84,,,,,0,0,,1.0,1.0,1.0,1.0
acb62a29cc90,49c6a9cb174c,synsc-context,multihop,mh056,How to implement Flask testing with fixtures and database rollback?,0,6702.74,,,,,0,0,,0.39999999999999997,0.6666666666666666,0.6666666666666666,0.6666666666666666
acb62a29cc90,5332e392130b,synsc-context,multihop,mh057,How to implement Flask request hooks for API key validation and rate limiting?,0,6351.41,,,,,0,0,,0.6666666666666666,1.0,1.0,1.0
acb62a29cc90,ece089172fd3,synsc-context,multihop,mh058,How to implement Flask Blueprints with nested blueprint groups?,0,7059.30,,,,,0,0,,1.0,1.0,1.0,1.0
acb62a29cc90,205edc3c6736,synsc-context,multihop,mh059,How to implement async views in Flask 2.0+ with background tasks?,0,6448.31,,,,,0,0,,0.6666666666666666,1.0,1.0,1.0
acb62a29cc90,2752e189717a,synsc-context,multihop,mh060,How to implement Flask config management with environment-specific settings?,0,6550.97,,,,,0,0,,1.0,1.0,1.0,1.0
acb62a29cc90,d69eb3d8dd71,synsc-context,multihop,mh061,How to implement SQLAlchemy 2.0 async session with connection pooling and health checks?,0,7281.18,,,,,0,0,,0.7083333333333334,1.0,1.0,0.6666666666666666
acb62a29cc90,5d5eefc44d39,synsc-context,multihop,mh062,How does SQLAlchemy implement the unit of work pattern with identity map and change tracking?,0,7559.21,,,,,0,0,,0.6666666666666666,1.0,1.0,1.0
acb62a29cc90,333e66aa46a7,synsc-context,multihop,mh063,How to implement SQLAlchemy hybrid properties and expressions for computed columns?,0,8292.14,,,,,0,0,,1.0,1.0,1.0,1.0
acb62a29cc90,ebc66010d27f,synsc-context,multihop,mh064,How to implement SQLAlchemy event listeners for audit logging?,0,7471.66,,,,,0,0,,1.0,1.0,1.0,1.0
acb62a29cc90,0cfdbc43f1ee,synsc-context,multihop,mh065,How to implement soft delete with SQLAlchemy using query modification and events?,0,8291.73,,,,,0,0,,1.0,1.0,1.0,1.0
acb62a29cc90,694d8407d9d5,synsc-context,multihop,mh066,How to implement SQLAlchemy multi-tenancy with schema-based isolation?,0,7063.44,,,,,0,0,,1.0,1.0,1.0,1.0
acb62a29cc90,f0a3084e0183,synsc-context,multihop,mh067,How does SQLAlchemy handle polymorphic inheritance with joined table and single table strategies?,0,10850.31,,,,,0,0,,1.0,1.0,1.0,1.0
acb62a29cc90,5652f4f226d3,synsc-context,multihop,mh068,How to implement SQLAlchemy bulk operations with returning and conflict handling?,0,8555.58,,,,,0,0,,0.7037037037037037,1.0,1.0,0.6666666666666666
acb62a29cc90,5dd24bc5fab0,synsc-context,multihop,mh069,How to implement SQLAlchemy association proxy for simplified many-to-many access?,0,6622.81,,,,,0,0,,1.0,1.0,1.0,1.0
acb62a29cc90,bff1665fc950,synsc-context,multihop,mh070,How to implement custom SQLAlchemy column types with TypeDecorator?,0,8231.90,,,,,0,0,,1.0,1.0,1.0,1.0
acb62a29cc90,43f475628687,synsc-context,multihop,mh071,How to implement SQLAlchemy connection events for query timing and slow query logging?,0,7912.62,,,,,0,0,,0.3333333333333333,0.3333333333333333,0.3333333333333333,0.3333333333333333
acb62a29cc90,2390743c7b59,synsc-context,multihop,mh072,How to implement SQLAlchemy model versioning with history tables?,0,7370.30,,,,,0,0,,0.6666666666666666,1.0,1.0,1.0
acb62a29cc90,089fa908a153,synsc-context,multihop,mh073,How does SQLAlchemy compile different SQL dialects for PostgreSQL vs MySQL vs SQLite?,0,8250.41,,,,,0,0,,1.0,1.0,1.0,1.0
acb62a29cc90,1fba15e9a346,synsc-context,multihop,mh074,How to implement SQLAlchemy repository pattern with generic CRUD operations?,0,6487.52,,,,,0,0,,0.6666666666666666,1.0,1.0,1.0
acb62a29cc90,8fe12a6a7f68,synsc-context,multihop,mh075,How to implement SQLAlchemy with Alembic for online schema migrations?,0,7265.27,,,,,0,0,,0.047619047619047616,0.3333333333333333,0.3333333333333333,0.0
acb62a29cc90,6179b5257419,synsc-context,multihop,mh076,"How to implement a robust HTTP client with retries, circuit breaker, and fallback in HTTPX?",0,6139.29,,,,,0,0,,1.0,1.0,1.0,1.0
acb62a29cc90,a995f8b7cf82,synsc-context,multihop,mh077,How to implement OAuth2 client credentials flow with token caching using HTTPX?,0,6448.18,,,,,0,0,,0.611111111111111,1.0,1.0,1.0
acb62a29cc90,ac51ddc44165,synsc-context,multihop,mh078,How to implement request signing with HMAC authentication in HTTPX?,0,6857.86,,,,,0,0,,1.0,1.0,1.0,1.0
acb62a29cc90,e07a71191cf6,synsc-context,multihop,mh079,How does HTTPX handle HTTP/2 with stream multiplexing and server push?,0,7061.78,,,,,0,0,,1.0,1.0,1.0,1.0
acb62a29cc90,2d0c6464bcf6,synsc-context,multihop,mh080,How to implement requests Session with custom adapters and SSL configuration?,0,7332.09,,,,,0,0,,0.8333333333333334,1.0,1.0,1.0
acb62a29cc90,77d2914c6356,synsc-context,multihop,mh081,How to implement streaming file upload with progress tracking in HTTPX?,0,6381.90,,,,,0,0,,0.75,1.0,1.0,1.0
acb62a29cc90,98c23d4a09e3,synsc-context,multihop,mh082,How to mock HTTP requests in tests using respx for HTTPX?,0,6551.73,,,,,0,0,,0.26190476190476186,1.0,1.0,0.3333333333333333
acb62a29cc90,deee55e83bb0,synsc-context,multihop,mh083,How to implement cookie-based session management across requests in HTTPX?,0,7472.60,,,,,0,0,,1.0,1.0,1.0,1.0
acb62a29cc90,00505f493adc,synsc-context,multihop,mh084,How to implement request/response interceptors in HTTPX using event hooks?,0,7839.35,,,,,0,0,,0.6666666666666666,1.0,1.0,1.0
acb62a29cc90,b200ddf9c2d9,synsc-context,multihop,mh085,How does HTTPX handle proxy authentication and CONNECT tunneling?,0,7206.56,,,,,0,0,,1.0,1.0,1.0,1.0
acb62a29cc90,084afe47f2cb,synsc-context,multihop,mh086,How to implement a custom PyTorch Dataset with data augmentation and DataLoader?,0,6403.50,,,,,0,0,,0.7777777777777777,1.0,1.0,1.0
acb62a29cc90,ba8b1aa7496d,synsc-context,multihop,mh087,How to implement distributed data parallel training in PyTorch?,0,6604.53,,,,,0,0,,1.0,1.0,1.0,1.0
acb62a29cc90,6656345d7e9e,synsc-context,multihop,mh088,How to implement custom autograd function with forward and backward pass in PyTorch?,0,7513.14,,,,,0,0,,0.6666666666666666,1.0,1.0,1.0
acb62a29cc90,d15c71bae2cb,synsc-context,multihop,mh089,How to implement learning rate warmup with cosine annealing in PyTorch?,0,6399.54,,,,,0,0,,0.8333333333333334,1.0,1.0,1.0
acb62a29cc90,aa5e16c8956c,synsc-context,multihop,mh090,How to implement PyTorch model quantization for deployment?,0,6737.73,,,,,0,0,,0.6666666666666666,1.0,1.0,1.0
acb62a29cc90,2042fd367085,synsc-context,multihop,mh091,How to export PyTorch model to ONNX with dynamic axes and custom operators?,0,7181.38,,,,,0,0,,1.0,1.0,1.0,1.0
acb62a29cc90,85436a7e8f73,synsc-context,multihop,mh092,How to implement gradient clipping and accumulation in PyTorch training?,0,6858.16,,,,,0,0,,0.6666666666666666,1.0,1.0,1.0
acb62a29cc90,6df43b0d5261,synsc-context,multihop,mh093,How to implement PyTorch hooks for feature extraction and gradient visualization?,0,6857.12,,,,,0,0,,1.0,1.0,1.0,1.0
acb62a29cc90,a024818ea059,synsc-context,multihop,mh094,How to implement mixed precision training with GradScaler in PyTorch?,0,6551.48,,,,,0,0,,1.0,1.0,1.0,1.0
acb62a29cc90,284e634b4713,synsc-context,multihop,mh095,How to implement PyTorch model checkpointing with best model tracking?,0,6551.15,,,,,0,0,,1.0,1.0,1.0,1.0
acb62a29cc90,bb8e4924b959,synsc-context,multihop,mh096,How to implement custom loss function with class weighting in PyTorch?,0,7369.32,,,,,0,0,,1.0,1.0,1.0,1.0
acb62a29cc90,08b1f891d294,synsc-context,multihop,mh097,How to implement attention mechanism from scratch in PyTorch?,0,7165.67,,,,,0,0,,0.8333333333333334,1.0,1.0,1.0
acb62a29cc90,9ae4dac70d34,synsc-context,multihop,mh098,How to implement PyTorch data pipeline with custom collate and sampler?,0,6242.35,,,,,0,0,,0.8333333333333334,1.0,1.0,1.0
acb62a29cc90,c953e358ebfc,synsc-context,multihop,mh099,How to implement transfer learning with frozen layers and fine-tuning in PyTorch?,0,6655.23,,,,,0,0,,0.8333333333333334,1.0,1.0,1.0
acb62a29cc90,824f425d0959,synsc-context,multihop,mh100,How to profile PyTorch model performance with torch.profiler?,0,6606.82,,,,,0,0,,0.6666666666666666,1.0,1.0,1.0
acb62a29cc90,0d4c904a1686,nia,multihop,mh001,How does FastAPI validate request bodies using Pydantic models and what errors does it return for invalid data?,0,1519.55,,,,,0,0,,0.3333333333333333,0.3333333333333333,0.3333333333333333,0.3333333333333333
acb62a29cc90,66117d7f2f09,nia,multihop,mh002,How to set up an async database session in FastAPI using SQLAlchemy with dependency injection?,0,1074.20,,,,,0,0,,0.5666666666666667,1.0,1.0,1.0
acb62a29cc90,0a1b44eba51d,nia,multihop,mh003,How to implement OAuth2 authentication in FastAPI with password hashing and JWT tokens?,0,1111.55,,,,,0,0,,0.6666666666666666,0.6666666666666666,0.6666666666666666,0.6666666666666666
acb62a29cc90,30bf8642611b,nia,multihop,mh004,How does HTTPX handle SSL certificate verification and what happens when connecting through a proxy?,0,1364.18,,,,,0,0,,0.6666666666666666,1.0,1.0,1.0
acb62a29cc90,4d79d9816882,nia,multihop,mh005,How to build a FastAPI WebSocket endpoint that broadcasts messages to multiple connected clients with authentication?,0,1062.60,,,,,0,0,,0.38888888888888884,1.0,1.0,0.6666666666666666
acb62a29cc90,7705b117dfff,nia,multihop,mh006,How does Pydantic handle nested model serialization with custom types and what JSON schema does it generate?,0,1431.39,,,,,0,0,,0.5833333333333334,1.0,1.0,1.0
acb62a29cc90,fef0dede13c4,nia,multihop,mh007,"How to configure FastAPI middleware stack with CORS, rate limiting, and request logging?",0,1085.84,,,,,0,0,,0.6666666666666666,0.6666666666666666,0.6666666666666666,0.6666666666666666
acb62a29cc90,a036b52b098a,nia,multihop,mh008,"How to implement file upload with streaming in FastAPI, validate the file type, and store it with metadata?",0,1668.36,,,,,0,0,,0.6666666666666666,1.0,1.0,1.0
acb62a29cc90,0d71b41e7120,nia,multihop,mh009,How does HTTPX implement request retry with exponential backoff and what events does it expose for monitoring?,0,1112.26,,,,,0,0,,1.0,1.0,1.0,1.0
acb62a29cc90,d1d2486fac14,nia,multihop,mh010,"How to set up Pydantic Settings management with environment variables, .env files, and validation?",0,1043.87,,,,,0,0,,0.5,0.5,0.5,0.5
acb62a29cc90,eaa360810b3b,nia,multihop,mh011,How to implement rate limiting middleware in FastAPI with Redis backend?,0,1636.10,,,,,0,0,,0.6666666666666666,0.6666666666666666,0.6666666666666666,0.6666666666666666
acb62a29cc90,cb082c203aa6,nia,multihop,mh012,How to implement background task processing in FastAPI with status tracking?,0,1025.98,,,,,0,0,,0.10833333333333334,0.6666666666666666,0.6666666666666666,0.3333333333333333
acb62a29cc90,972ee6589339,nia,multihop,mh013,How to implement API versioning in FastAPI with separate routers and deprecation notices?,0,1004.87,,,,,0,0,,0.3333333333333333,1.0,1.0,1.0
acb62a29cc90,9d4b5550dade,nia,multihop,mh014,How does FastAPI handle form data with file uploads and additional metadata fields?,0,1047.78,,,,,0,0,,1.0,1.0,1.0,1.0
acb62a29cc90,9e3b1f5d119f,nia,multihop,mh015,How to set up OpenAPI schema customization with security schemes and example requests in FastAPI?,0,1446.04,,,,,0,0,,0.6666666666666666,0.6666666666666666,0.6666666666666666,0.6666666666666666
acb62a29cc90,d9206cb70c38,nia,multihop,mh016,How to implement server-sent events (SSE) streaming endpoint in FastAPI?,0,1102.36,,,,,0,0,,1.0,1.0,1.0,1.0
acb62a29cc90,fa5ae6c30bc3,nia,multihop,mh017,How to implement custom OpenAPI documentation page with Swagger UI and ReDoc in FastAPI?,0,1039.76,,,,,0,0,,0.1111111111111111,0.3333333333333333,0.3333333333333333,0.3333333333333333
acb62a29cc90,6da85559433a,nia,multihop,mh018,How to handle multipart form data with nested JSON and file uploads in FastAPI?,0,1013.01,,,,,0,0,,0.7083333333333334,1.0,1.0,0.6666666666666666
acb62a29cc90,9a42ddc9f167,nia,multihop,mh019,How to implement GraphQL endpoint in FastAPI using Strawberry?,0,987.21,,,,,0,0,,0.4444444444444444,0.6666666666666666,0.6666666666666666,0.6666666666666666
acb62a29cc90,62757e002453,nia,multihop,mh020,How to test FastAPI WebSocket endpoints with pytest and httpx?,0,1424.85,,,,,0,0,,0.27777777777777773,0.6666666666666666,0.6666666666666666,0.6666666666666666
acb62a29cc90,690dcd5214cb,nia,multihop,mh021,How to implement health checks with dependency verification in FastAPI?,0,930.87,,,,,0,0,,0.6666666666666666,1.0,1.0,1.0
acb62a29cc90,9b4a77e364d7,nia,multihop,mh022,How to implement request/response logging middleware with structured logging in FastAPI?,0,918.37,,,,,0,0,,0.5,0.6666666666666666,0.6666666666666666,0.6666666666666666
acb62a29cc90,60c5b7df7de8,nia,multihop,mh023,How does FastAPI implement OpenAPI schema generation from route definitions?,0,1058.96,,,,,0,0,,0.8333333333333334,1.0,1.0,1.0
acb62a29cc90,e40e4b7635ec,nia,multihop,mh024,"How to implement content negotiation in FastAPI for JSON, XML, and CSV responses?",0,1114.76,,,,,0,0,,0.5,0.6666666666666666,0.6666666666666666,0.6666666666666666
acb62a29cc90,f5eaab538b6d,nia,multihop,mh025,How to implement pagination with cursor-based and offset-based strategies in FastAPI?,0,1076.59,,,,,0,0,,0.7777777777777777,1.0,1.0,1.0
acb62a29cc90,e290f1ddc310,nia,multihop,mh026,"How does Django process an HTTP request through middleware, URL resolution, and view dispatch?",0,1048.29,,,,,0,0,,0.7777777777777777,1.0,1.0,1.0
acb62a29cc90,96edd98ee858,nia,multihop,mh027,How to implement custom model managers and querysets with chainable methods in Django?,0,982.36,,,,,0,0,,0.1111111111111111,0.3333333333333333,0.3333333333333333,0.3333333333333333
acb62a29cc90,91bc345949a0,nia,multihop,mh028,How does Django's ORM translate a complex query with annotations and subqueries to SQL?,0,1080.32,,,,,0,0,,0.4444444444444445,1.0,1.0,0.3333333333333333
acb62a29cc90,cf1139d78d36,nia,multihop,mh029,How to implement custom authentication backend with permissions in Django?,0,1060.56,,,,,0,0,,1.0,1.0,1.0,1.0
acb62a29cc90,63123588ce9f,nia,multihop,mh030,How does Django's migration system detect model changes and generate migration files?,0,1450.35,,,,,0,0,,0.16666666666666666,0.3333333333333333,0.3333333333333333,0.3333333333333333
acb62a29cc90,fa7eff73b1c7,nia,multihop,mh031,How to implement Django signals for post-save model actions with related object updates?,0,991.79,,,,,0,0,,0.7777777777777778,1.0,1.0,1.0
acb62a29cc90,d793f53ad903,nia,multihop,mh032,How to implement custom Django template tags and filters with inclusion tags?,0,987.37,,,,,0,0,,0.4444444444444444,0.6666666666666666,0.6666666666666666,0.6666666666666666
acb62a29cc90,5cd9d371deea,nia,multihop,mh033,How does Django REST Framework serialize nested models with write support?,0,945.95,,,,,0,0,,0.3333333333333333,0.3333333333333333,0.3333333333333333,0.3333333333333333
acb62a29cc90,a85b2abb670f,nia,multihop,mh034,How to implement Django Channels WebSocket consumer with group broadcasting?,0,1000.42,,,,,0,0,,0.3333333333333333,0.3333333333333333,0.3333333333333333,0.3333333333333333
acb62a29cc90,8bd9eff48e4b,nia,multihop,mh035,How does Django's form validation work with model forms and custom clean methods?,0,972.42,,,,,0,0,,0.1111111111111111,0.3333333333333333,0.3333333333333333,0.3333333333333333
acb62a29cc90,253e48ab77b9,nia,multihop,mh036,How to implement custom admin actions and list filters in Django admin?,0,1046.34,,,,,0,0,,0.2222222222222222,0.6666666666666666,0.6666666666666666,0.6666666666666666
acb62a29cc90,af907fc1e59b,nia,multihop,mh037,How does Django's class-based view handle GET and POST with form processing?,0,1048.36,,,,,0,0,,0.0,0.0,0.0,0.0
acb62a29cc90,02b4344f434b,nia,multihop,mh038,"How to implement caching with per-view cache, template fragment cache, and low-level cache in Django?",0,1042.01,,,,,0,0,,0.03333333333333333,0.3333333333333333,0.3333333333333333,0.0
acb62a29cc90,6a993205d0d2,nia,multihop,mh039,How does Django's prefetch_related optimize queries for reverse foreign keys and many-to-many?,0,1147.08,,,,,0,0,,0.6666666666666666,0.6666666666666666,0.6666666666666666,0.6666666666666666
acb62a29cc90,700b19384e46,nia,multihop,mh040,How to implement multi-database routing in Django with read replicas?,0,1046.70,,,,,0,0,,0.125,0.6666666666666666,0.6666666666666666,0.3333333333333333
acb62a29cc90,d33744bbd3ce,nia,multihop,mh041,How to implement content types and generic relations in Django?,0,1065.55,,,,,0,0,,0.047619047619047616,0.3333333333333333,0.3333333333333333,0.0
acb62a29cc90,661c3ecc9057,nia,multihop,mh042,How to implement custom User model with email-based authentication in Django?,0,985.42,,,,,0,0,,0.0,0.0,0.0,0.0
acb62a29cc90,09f552604320,nia,multihop,mh043,How does Django's test client simulate authenticated requests with session and cookies?,0,1045.00,,,,,0,0,,1.0,1.0,1.0,1.0
acb62a29cc90,6016936105df,nia,multihop,mh044,How to implement Django REST Framework viewsets with custom actions and permissions?,0,1020.87,,,,,0,0,,0.0,0.0,0.0,0.0
acb62a29cc90,b3d1a1f9dfc9,nia,multihop,mh045,How does Django handle database transactions with atomic blocks and savepoints?,0,963.01,,,,,0,0,,0.3333333333333333,0.3333333333333333,0.3333333333333333,0.3333333333333333
acb62a29cc90,a55e6c2066ff,nia,multihop,mh046,How to implement Flask application factory with blueprints and extensions?,0,1018.06,,,,,0,0,,0.8333333333333334,1.0,1.0,1.0
acb62a29cc90,c9bd3c092776,nia,multihop,mh047,How to implement JWT authentication with refresh tokens in Flask?,0,1534.85,,,,,0,0,,0.75,1.0,1.0,1.0
acb62a29cc90,7e3a8f275310,nia,multihop,mh048,How to implement Flask error handlers with custom error pages and JSON responses?,0,1105.88,,,,,0,0,,1.0,1.0,1.0,1.0
acb62a29cc90,82236b86a215,nia,multihop,mh049,How to implement Flask-SQLAlchemy models with relationships and migrations?,0,1090.57,,,,,0,0,,0.0,0.0,0.0,0.0
acb62a29cc90,37e0a0f439ff,nia,multihop,mh050,How to implement Flask middleware for request timing and logging?,0,1108.43,,,,,0,0,,0.5833333333333334,1.0,1.0,1.0
acb62a29cc90,ace437c23a63,nia,multihop,mh051,How to implement Flask-Login with remember me and session management?,0,1472.99,,,,,0,0,,0.3333333333333333,0.3333333333333333,0.3333333333333333,0.3333333333333333
acb62a29cc90,f4936f7e5871,nia,multihop,mh052,How to implement Flask SocketIO with rooms and event broadcasting?,0,1099.25,,,,,0,0,,0.5,1.0,1.0,1.0
acb62a29cc90,fbf8086ab98b,nia,multihop,mh053,How to implement Flask-WTF forms with CSRF protection and file uploads?,0,1393.29,,,,,0,0,,0.08333333333333333,0.3333333333333333,0.3333333333333333,0.3333333333333333
acb62a29cc90,2f7ef1121e51,nia,multihop,mh054,How to implement caching in Flask with Redis and per-route cache invalidation?,0,1355.58,,,,,0,0,,0.5,1.0,1.0,0.6666666666666666
acb62a29cc90,8e5c87807d2c,nia,multihop,mh055,How to implement Flask CLI commands with Click integration?,0,982.52,,,,,0,0,,0.0,0.0,0.0,0.0
acb62a29cc90,adb8b3746b5e,nia,multihop,mh056,How to implement Flask testing with fixtures and database rollback?,0,1301.04,,,,,0,0,,0.3333333333333333,0.3333333333333333,0.3333333333333333,0.3333333333333333
acb62a29cc90,27338f518a74,nia,multihop,mh057,How to implement Flask request hooks for API key validation and rate limiting?,0,1448.65,,,,,0,0,,0.6666666666666666,0.6666666666666666,0.6666666666666666,0.6666666666666666
acb62a29cc90,631ceb34a689,nia,multihop,mh058,How to implement Flask Blueprints with nested blueprint groups?,0,1243.76,,,,,0,0,,1.0,1.0,1.0,1.0
acb62a29cc90,74cede9d5e40,nia,multihop,mh059,How to implement async views in Flask 2.0+ with background tasks?,0,974.77,,,,,0,0,,0.3333333333333333,0.3333333333333333,0.3333333333333333,0.3333333333333333
acb62a29cc90,477442940621,nia,multihop,mh060,How to implement Flask config management with environment-specific settings?,0,1096.57,,,,,0,0,,0.1111111111111111,0.6666666666666666,0.6666666666666666,0.0
acb62a29cc90,7ce24cc2b29c,nia,multihop,mh061,How to implement SQLAlchemy 2.0 async session with connection pooling and health checks?,0,1026.24,,,,,0,0,,0.5833333333333334,1.0,1.0,1.0
acb62a29cc90,304806cf2a51,nia,multihop,mh062,How does SQLAlchemy implement the unit of work pattern with identity map and change tracking?,0,1093.88,,,,,0,0,,0.5,0.6666666666666666,0.6666666666666666,0.6666666666666666
acb62a29cc90,79bc99b30a19,nia,multihop,mh063,How to implement SQLAlchemy hybrid properties and expressions for computed columns?,0,1019.64,,,,,0,0,,1.0,1.0,1.0,1.0
acb62a29cc90,6e6ab4e58514,nia,multihop,mh064,How to implement SQLAlchemy event listeners for audit logging?,0,1261.51,,,,,0,0,,0.7083333333333334,1.0,1.0,0.6666666666666666
acb62a29cc90,66c380a8f8f4,nia,multihop,mh065,How to implement soft delete with SQLAlchemy using query modification and events?,0,1080.94,,,,,0,0,,1.0,1.0,1.0,1.0
acb62a29cc90,09a6deb43ea1,nia,multihop,mh066,How to implement SQLAlchemy multi-tenancy with schema-based isolation?,0,1192.84,,,,,0,0,,1.0,1.0,1.0,1.0
acb62a29cc90,5703c1d985e7,nia,multihop,mh067,How does SQLAlchemy handle polymorphic inheritance with joined table and single table strategies?,0,1045.95,,,,,0,0,,0.8333333333333334,1.0,1.0,1.0
acb62a29cc90,5252a17896b7,nia,multihop,mh068,How to implement SQLAlchemy bulk operations with returning and conflict handling?,0,1342.00,,,,,0,0,,1.0,1.0,1.0,1.0
acb62a29cc90,4e41dbcc02aa,nia,multihop,mh069,How to implement SQLAlchemy association proxy for simplified many-to-many access?,0,1155.61,,,,,0,0,,1.0,1.0,1.0,1.0
acb62a29cc90,03d7ab14115d,nia,multihop,mh070,How to implement custom SQLAlchemy column types with TypeDecorator?,0,912.57,,,,,0,0,,1.0,1.0,1.0,1.0
acb62a29cc90,2556f1567dbd,nia,multihop,mh071,How to implement SQLAlchemy connection events for query timing and slow query logging?,0,1065.21,,,,,0,0,,0.6666666666666666,0.6666666666666666,0.6666666666666666,0.6666666666666666
acb62a29cc90,322236e54f4a,nia,multihop,mh072,How to implement SQLAlchemy model versioning with history tables?,0,977.39,,,,,0,0,,1.0,1.0,1.0,1.0
acb62a29cc90,1ac95fb6db2e,nia,multihop,mh073,How does SQLAlchemy compile different SQL dialects for PostgreSQL vs MySQL vs SQLite?,0,997.08,,,,,0,0,,0.7777777777777778,1.0,1.0,1.0
acb62a29cc90,16cdfaf9b631,nia,multihop,mh074,How to implement SQLAlchemy repository pattern with generic CRUD operations?,0,1209.36,,,,,0,0,,0.5476190476190476,1.0,1.0,0.6666666666666666
acb62a29cc90,ac75c27839f0,nia,multihop,mh075,How to implement SQLAlchemy with Alembic for online schema migrations?,0,1101.39,,,,,0,0,,0.125,0.6666666666666666,0.6666666666666666,0.3333333333333333
acb62a29cc90,9bf455231756,nia,multihop,mh076,"How to implement a robust HTTP client with retries, circuit breaker, and fallback in HTTPX?",0,1034.22,,,,,0,0,,0.5833333333333334,1.0,1.0,1.0
acb62a29cc90,b65c303abe3c,nia,multihop,mh077,How to implement OAuth2 client credentials flow with token caching using HTTPX?,0,1014.26,,,,,0,0,,0.8333333333333334,1.0,1.0,1.0
acb62a29cc90,8abac8c7eeb8,nia,multihop,mh078,How to implement request signing with HMAC authentication in HTTPX?,0,1068.25,,,,,0,0,,1.0,1.0,1.0,1.0
acb62a29cc90,bfd35ec5b604,nia,multihop,mh079,How does HTTPX handle HTTP/2 with stream multiplexing and server push?,0,1079.04,,,,,0,0,,0.611111111111111,1.0,1.0,1.0
acb62a29cc90,8993bee449c4,nia,multihop,mh080,How to implement requests Session with custom adapters and SSL configuration?,0,1117.65,,,,,0,0,,1.0,1.0,1.0,1.0
acb62a29cc90,d69af6aea19b,nia,multihop,mh081,How to implement streaming file upload with progress tracking in HTTPX?,0,1331.36,,,,,0,0,,1.0,1.0,1.0,1.0
acb62a29cc90,5e359364b22a,nia,multihop,mh082,How to mock HTTP requests in tests using respx for HTTPX?,0,1025.76,,,,,0,0,,0.0,0.0,0.0,0.0
acb62a29cc90,589f1b599d8d,nia,multihop,mh083,How to implement cookie-based session management across requests in HTTPX?,0,1091.56,,,,,0,0,,0.08333333333333333,0.3333333333333333,0.3333333333333333,0.3333333333333333
acb62a29cc90,5612e101041d,nia,multihop,mh084,How to implement request/response interceptors in HTTPX using event hooks?,0,1140.65,,,,,0,0,,0.7777777777777778,1.0,1.0,1.0
acb62a29cc90,6e987ef2f35f,nia,multihop,mh085,How does HTTPX handle proxy authentication and CONNECT tunneling?,0,984.87,,,,,0,0,,0.7142857142857143,1.0,1.0,0.6666666666666666
acb62a29cc90,cc687014fdd2,nia,multihop,mh086,How to implement a custom PyTorch Dataset with data augmentation and DataLoader?,0,929.04,,,,,0,0,,0.6666666666666666,0.6666666666666666,0.6666666666666666,0.6666666666666666
acb62a29cc90,e43ca544ef55,nia,multihop,mh087,How to implement distributed data parallel training in PyTorch?,0,1576.37,,,,,0,0,,0.4166666666666667,0.6666666666666666,0.6666666666666666,0.6666666666666666
acb62a29cc90,02841a762aef,nia,multihop,mh088,How to implement custom autograd function with forward and backward pass in PyTorch?,0,1091.73,,,,,0,0,,1.0,1.0,1.0,1.0
acb62a29cc90,fcb09d82b66d,nia,multihop,mh089,How to implement learning rate warmup with cosine annealing in PyTorch?,0,1603.07,,,,,0,0,,0.1111111111111111,0.3333333333333333,0.3333333333333333,0.3333333333333333
acb62a29cc90,47533458ad8e,nia,multihop,mh090,How to implement PyTorch model quantization for deployment?,0,1069.22,,,,,0,0,,0.3333333333333333,0.3333333333333333,0.3333333333333333,0.3333333333333333
acb62a29cc90,aa1da2804d2a,nia,multihop,mh091,How to export PyTorch model to ONNX with dynamic axes and custom operators?,0,1072.12,,,,,0,0,,0.375,0.6666666666666666,0.6666666666666666,0.3333333333333333
acb62a29cc90,51d3cdc4b309,nia,multihop,mh092,How to implement gradient clipping and accumulation in PyTorch training?,0,982.59,,,,,0,0,,0.21428571428571427,0.6666666666666666,0.6666666666666666,0.3333333333333333
acb62a29cc90,c4dbfa9c0bd3,nia,multihop,mh093,How to implement PyTorch hooks for feature extraction and gradient visualization?,0,981.73,,,,,0,0,,1.0,1.0,1.0,1.0
acb62a29cc90,00ac83f8facc,nia,multihop,mh094,How to implement mixed precision training with GradScaler in PyTorch?,0,1086.96,,,,,0,0,,0.5,0.6666666666666666,0.6666666666666666,0.6666666666666666
acb62a29cc90,33030b217155,nia,multihop,mh095,How to implement PyTorch model checkpointing with best model tracking?,0,960.15,,,,,0,0,,0.8333333333333334,1.0,1.0,1.0
acb62a29cc90,60401feed07a,nia,multihop,mh096,How to implement custom loss function with class weighting in PyTorch?,0,1035.08,,,,,0,0,,1.0,1.0,1.0,1.0
acb62a29cc90,944b447a0b04,nia,multihop,mh097,How to implement attention mechanism from scratch in PyTorch?,0,983.21,,,,,0,0,,0.6666666666666666,0.6666666666666666,0.6666666666666666,0.6666666666666666
acb62a29cc90,24ad2e1657f1,nia,multihop,mh098,How to implement PyTorch data pipeline with custom collate and sampler?,0,946.33,,,,,0,0,,0.6666666666666666,0.6666666666666666,0.6666666666666666,0.6666666666666666
acb62a29cc90,5dc46b0dac8b,nia,multihop,mh099,How to implement transfer learning with frozen layers and fine-tuning in PyTorch?,0,1505.17,,,,,0,0,,0.3333333333333333,0.6666666666666666,0.6666666666666666,0.6666666666666666
acb62a29cc90,aee442a485f0,nia,multihop,mh100,How to profile PyTorch model performance with torch.profiler?,0,1060.24,,,,,0,0,,0.21428571428571427,0.6666666666666666,0.6666666666666666,0.3333333333333333
acb62a29cc90,e6250d626310,context7,multihop,mh001,How does FastAPI validate request bodies using Pydantic models and what errors does it return for invalid data?,0,3027.79,,,,,0,0,,1.0,1.0,1.0,1.0
acb62a29cc90,573d9b9fca9e,context7,multihop,mh002,How to set up an async database session in FastAPI using SQLAlchemy with dependency injection?,0,2371.76,,,,,0,0,,0.6666666666666666,0.6666666666666666,0.6666666666666666,0.6666666666666666
acb62a29cc90,a7ad2680800d,context7,multihop,mh003,How to implement OAuth2 authentication in FastAPI with password hashing and JWT tokens?,0,2246.01,,,,,0,0,,1.0,1.0,1.0,1.0
acb62a29cc90,7175e680c48a,context7,multihop,mh004,How does HTTPX handle SSL certificate verification and what happens when connecting through a proxy?,0,2660.41,,,,,0,0,,1.0,1.0,1.0,1.0
acb62a29cc90,290d66cd5027,context7,multihop,mh005,How to build a FastAPI WebSocket endpoint that broadcasts messages to multiple connected clients with authentication?,0,2518.24,,,,,0,0,,1.0,1.0,1.0,1.0
acb62a29cc90,dac99b6d73a1,context7,multihop,mh006,How does Pydantic handle nested model serialization with custom types and what JSON schema does it generate?,0,2427.84,,,,,0,0,,1.0,1.0,1.0,1.0
acb62a29cc90,1978dbc17d4b,context7,multihop,mh007,"How to configure FastAPI middleware stack with CORS, rate limiting, and request logging?",0,2183.83,,,,,0,0,,1.0,1.0,1.0,1.0
acb62a29cc90,0768665f59a9,context7,multihop,mh008,"How to implement file upload with streaming in FastAPI, validate the file type, and store it with metadata?",0,2240.25,,,,,0,0,,1.0,1.0,1.0,1.0
acb62a29cc90,3e217744b49b,context7,multihop,mh009,How does HTTPX implement request retry with exponential backoff and what events does it expose for monitoring?,0,3389.62,,,,,0,0,,1.0,1.0,1.0,1.0
acb62a29cc90,bba07935656a,context7,multihop,mh010,"How to set up Pydantic Settings management with environment variables, .env files, and validation?",0,2774.73,,,,,0,0,,0.5,0.5,0.5,0.5
acb62a29cc90,a243324753d6,context7,multihop,mh011,How to implement rate limiting middleware in FastAPI with Redis backend?,0,2228.43,,,,,0,0,,1.0,1.0,1.0,1.0
acb62a29cc90,e57cc42293e7,context7,multihop,mh012,How to implement background task processing in FastAPI with status tracking?,0,2708.70,,,,,0,0,,0.3333333333333333,0.3333333333333333,0.3333333333333333,0.3333333333333333
acb62a29cc90,5b47b73430e1,context7,multihop,mh013,How to implement API versioning in FastAPI with separate routers and deprecation notices?,0,2476.75,,,,,0,0,,1.0,1.0,1.0,1.0
acb62a29cc90,be1673dd0139,context7,multihop,mh014,How does FastAPI handle form data with file uploads and additional metadata fields?,0,2467.29,,,,,0,0,,1.0,1.0,1.0,1.0
acb62a29cc90,4e6f0340ec99,context7,multihop,mh015,How to set up OpenAPI schema customization with security schemes and example requests in FastAPI?,0,2666.27,,,,,0,0,,0.6666666666666666,0.6666666666666666,0.6666666666666666,0.6666666666666666
acb62a29cc90,30f5e5137bf0,context7,multihop,mh016,How to implement server-sent events (SSE) streaming endpoint in FastAPI?,0,2774.10,,,,,0,0,,1.0,1.0,1.0,1.0
acb62a29cc90,037d05810133,context7,multihop,mh017,How to implement custom OpenAPI documentation page with Swagger UI and ReDoc in FastAPI?,0,2578.72,,,,,0,0,,1.0,1.0,1.0,1.0
acb62a29cc90,f63c473e6dfe,context7,multihop,mh018,How to handle multipart form data with nested JSON and file uploads in FastAPI?,0,2357.00,,,,,0,0,,1.0,1.0,1.0,1.0
acb62a29cc90,d1c63d49372b,context7,multihop,mh019,How to implement GraphQL endpoint in FastAPI using Strawberry?,0,2247.41,,,,,0,0,,1.0,1.0,1.0,1.0
acb62a29cc90,3886cb733cd6,context7,multihop,mh020,How to test FastAPI WebSocket endpoints with pytest and httpx?,0,2132.94,,,,,0,0,,1.0,1.0,1.0,1.0
acb62a29cc90,86e2feabe520,context7,multihop,mh021,How to implement health checks with dependency verification in FastAPI?,0,2348.65,,,,,0,0,,1.0,1.0,1.0,1.0
acb62a29cc90,f31fd021116b,context7,multihop,mh022,How to implement request/response logging middleware with structured logging in FastAPI?,0,2489.05,,,,,0,0,,0.6666666666666666,0.6666666666666666,0.6666666666666666,0.6666666666666666
acb62a29cc90,cf39b5b0a688,context7,multihop,mh023,How does FastAPI implement OpenAPI schema generation from route definitions?,0,2401.12,,,,,0,0,,0.6666666666666666,0.6666666666666666,0.6666666666666666,0.6666666666666666
acb62a29cc90,6bd713cf0e42,context7,multihop,mh024,"How to implement content negotiation in FastAPI for JSON, XML, and CSV responses?",0,2991.79,,,,,0,0,,1.0,1.0,1.0,1.0
acb62a29cc90,28c870a0b593,context7,multihop,mh025,How to implement pagination with cursor-based and offset-based strategies in FastAPI?,0,2270.74,,,,,0,0,,0.6666666666666666,0.6666666666666666,0.6666666666666666,0.6666666666666666
acb62a29cc90,90a0ae1b9481,context7,multihop,mh026,"How does Django process an HTTP request through middleware, URL resolution, and view dispatch?",0,2661.88,,,,,0,0,,0.6666666666666666,0.6666666666666666,0.6666666666666666,0.6666666666666666
acb62a29cc90,638354334fd5,context7,multihop,mh027,How to implement custom model managers and querysets with chainable methods in Django?,0,2349.52,,,,,0,0,,1.0,1.0,1.0,1.0
acb62a29cc90,4d1048bb1491,context7,multihop,mh028,How does Django's ORM translate a complex query with annotations and subqueries to SQL?,0,2249.24,,,,,0,0,,0.6666666666666666,0.6666666666666666,0.6666666666666666,0.6666666666666666
acb62a29cc90,fcae02ec1ed0,context7,multihop,mh029,How to implement custom authentication backend with permissions in Django?,0,2606.98,,,,,0,0,,1.0,1.0,1.0,1.0
acb62a29cc90,374979c4d5e5,context7,multihop,mh030,How does Django's migration system detect model changes and generate migration files?,0,2458.39,,,,,0,0,,0.3333333333333333,0.3333333333333333,0.3333333333333333,0.3333333333333333
acb62a29cc90,0f15722dd0c9,context7,multihop,mh031,How to implement Django signals for post-save model actions with related object updates?,0,2229.93,,,,,0,0,,1.0,1.0,1.0,1.0
acb62a29cc90,626604b2a4d9,context7,multihop,mh032,How to implement custom Django template tags and filters with inclusion tags?,0,2548.93,,,,,0,0,,1.0,1.0,1.0,1.0
acb62a29cc90,e166ff00229e,context7,multihop,mh033,How does Django REST Framework serialize nested models with write support?,0,2460.57,,,,,0,0,,0.6666666666666666,0.6666666666666666,0.6666666666666666,0.6666666666666666
acb62a29cc90,6cf0545e4fd7,context7,multihop,mh034,How to implement Django Channels WebSocket consumer with group broadcasting?,0,2137.28,,,,,0,0,,0.0,0.0,0.0,0.0
acb62a29cc90,7e4c37eb6964,context7,multihop,mh035,How does Django's form validation work with model forms and custom clean methods?,0,2466.08,,,,,0,0,,1.0,1.0,1.0,1.0
acb62a29cc90,d676489d9a91,context7,multihop,mh036,How to implement custom admin actions and list filters in Django admin?,0,2336.73,,,,,0,0,,1.0,1.0,1.0,1.0
acb62a29cc90,872b2bc71af3,context7,multihop,mh037,How does Django's class-based view handle GET and POST with form processing?,0,2378.47,,,,,0,0,,1.0,1.0,1.0,1.0
acb62a29cc90,fa41291a46b3,context7,multihop,mh038,"How to implement caching with per-view cache, template fragment cache, and low-level cache in Django?",0,2417.25,,,,,0,0,,1.0,1.0,1.0,1.0
acb62a29cc90,032c66e8245c,context7,multihop,mh039,How does Django's prefetch_related optimize queries for reverse foreign keys and many-to-many?,0,2420.75,,,,,0,0,,1.0,1.0,1.0,1.0
acb62a29cc90,7f72c754755a,context7,multihop,mh040,How to implement multi-database routing in Django with read replicas?,0,2740.76,,,,,0,0,,0.6666666666666666,0.6666666666666666,0.6666666666666666,0.6666666666666666
acb62a29cc90,3462c2a55d4c,context7,multihop,mh041,How to implement content types and generic relations in Django?,0,2151.44,,,,,0,0,,1.0,1.0,1.0,1.0
acb62a29cc90,231efd8bb3cb,context7,multihop,mh042,How to implement custom User model with email-based authentication in Django?,0,2434.00,,,,,0,0,,1.0,1.0,1.0,1.0
acb62a29cc90,c8a65c273d21,context7,multihop,mh043,How does Django's test client simulate authenticated requests with session and cookies?,0,3512.87,,,,,0,0,,1.0,1.0,1.0,1.0
acb62a29cc90,88d2efb783f8,context7,multihop,mh044,How to implement Django REST Framework viewsets with custom actions and permissions?,0,2550.53,,,,,0,0,,0.6666666666666666,0.6666666666666666,0.6666666666666666,0.6666666666666666
acb62a29cc90,85c8625344e9,context7,multihop,mh045,How does Django handle database transactions with atomic blocks and savepoints?,0,2431.63,,,,,0,0,,1.0,1.0,1.0,1.0
acb62a29cc90,0f0e80ccf31e,context7,multihop,mh046,How to implement Flask application factory with blueprints and extensions?,0,2332.16,,,,,0,0,,1.0,1.0,1.0,1.0
acb62a29cc90,2bdf3217688d,context7,multihop,mh047,How to implement JWT authentication with refresh tokens in Flask?,0,2209.08,,,,,0,0,,0.6666666666666666,0.6666666666666666,0.6666666666666666,0.6666666666666666
acb62a29cc90,8df45a577255,context7,multihop,mh048,How to implement Flask error handlers with custom error pages and JSON responses?,0,2515.90,,,,,0,0,,1.0,1.0,1.0,1.0
acb62a29cc90,b07d6ef7535a,context7,multihop,mh049,How to implement Flask-SQLAlchemy models with relationships and migrations?,0,1948.30,,,,,0,0,,0.6666666666666666,0.6666666666666666,0.6666666666666666,0.6666666666666666
acb62a29cc90,31d6abb40e79,context7,multihop,mh050,How to implement Flask middleware for request timing and logging?,0,1880.92,,,,,0,0,,1.0,1.0,1.0,1.0
acb62a29cc90,4680c797eb9b,context7,multihop,mh051,How to implement Flask-Login with remember me and session management?,0,2401.12,,,,,0,0,,0.3333333333333333,0.3333333333333333,0.3333333333333333,0.3333333333333333
acb62a29cc90,2ed297e87d3f,context7,multihop,mh052,How to implement Flask SocketIO with rooms and event broadcasting?,0,2226.29,,,,,0,0,,0.3333333333333333,0.3333333333333333,0.3333333333333333,0.3333333333333333
acb62a29cc90,b39d54cbfd1c,context7,multihop,mh053,How to implement Flask-WTF forms with CSRF protection and file uploads?,0,2093.82,,,,,0,0,,1.0,1.0,1.0,1.0
acb62a29cc90,b612931e0fc5,context7,multihop,mh054,How to implement caching in Flask with Redis and per-route cache invalidation?,0,2479.09,,,,,0,0,,0.6666666666666666,0.6666666666666666,0.6666666666666666,0.6666666666666666
acb62a29cc90,335d2cd88a53,context7,multihop,mh055,How to implement Flask CLI commands with Click integration?,0,2559.69,,,,,0,0,,1.0,1.0,1.0,1.0
acb62a29cc90,9bf417b79f6e,context7,multihop,mh056,How to implement Flask testing with fixtures and database rollback?,0,2774.76,,,,,0,0,,0.6666666666666666,0.6666666666666666,0.6666666666666666,0.6666666666666666
acb62a29cc90,7045dad4261b,context7,multihop,mh057,How to implement Flask request hooks for API key validation and rate limiting?,0,2087.26,,,,,0,0,,0.3333333333333333,0.3333333333333333,0.3333333333333333,0.3333333333333333
acb62a29cc90,84faadedf0c1,context7,multihop,mh058,How to implement Flask Blueprints with nested blueprint groups?,0,2162.39,,,,,0,0,,1.0,1.0,1.0,1.0
acb62a29cc90,6972613d3c97,context7,multihop,mh059,How to implement async views in Flask 2.0+ with background tasks?,0,1825.73,,,,,0,0,,1.0,1.0,1.0,1.0
acb62a29cc90,5fd721271303,context7,multihop,mh060,How to implement Flask config management with environment-specific settings?,0,1958.76,,,,,0,0,,1.0,1.0,1.0,1.0
acb62a29cc90,07eefe800b95,context7,multihop,mh061,How to implement SQLAlchemy 2.0 async session with connection pooling and health checks?,0,2316.21,,,,,0,0,,0.6666666666666666,0.6666666666666666,0.6666666666666666,0.6666666666666666
acb62a29cc90,b581a78f4ca8,context7,multihop,mh062,How does SQLAlchemy implement the unit of work pattern with identity map and change tracking?,0,2425.91,,,,,0,0,,1.0,1.0,1.0,1.0
acb62a29cc90,3a96eb9864a6,context7,multihop,mh063,How to implement SQLAlchemy hybrid properties and expressions for computed columns?,0,2094.79,,,,,0,0,,1.0,1.0,1.0,1.0
acb62a29cc90,23c5a7b85565,context7,multihop,mh064,How to implement SQLAlchemy event listeners for audit logging?,0,2212.42,,,,,0,0,,1.0,1.0,1.0,1.0
acb62a29cc90,b023e975f10f,context7,multihop,mh065,How to implement soft delete with SQLAlchemy using query modification and events?,0,2752.43,,,,,0,0,,1.0,1.0,1.0,1.0
acb62a29cc90,4f76d0ad41b4,context7,multihop,mh066,How to implement SQLAlchemy multi-tenancy with schema-based isolation?,0,2216.98,,,,,0,0,,1.0,1.0,1.0,1.0
acb62a29cc90,22174b5712f0,context7,multihop,mh067,How does SQLAlchemy handle polymorphic inheritance with joined table and single table strategies?,0,2263.09,,,,,0,0,,1.0,1.0,1.0,1.0
acb62a29cc90,e507bf4d989b,context7,multihop,mh068,How to implement SQLAlchemy bulk operations with returning and conflict handling?,0,2945.52,,,,,0,0,,1.0,1.0,1.0,1.0
acb62a29cc90,54191dd9c646,context7,multihop,mh069,How to implement SQLAlchemy association proxy for simplified many-to-many access?,0,2348.14,,,,,0,0,,1.0,1.0,1.0,1.0
acb62a29cc90,fa441adddac8,context7,multihop,mh070,How to implement custom SQLAlchemy column types with TypeDecorator?,0,2996.69,,,,,0,0,,1.0,1.0,1.0,1.0
acb62a29cc90,09bd3589c8a7,context7,multihop,mh071,How to implement SQLAlchemy connection events for query timing and slow query logging?,0,2579.44,,,,,0,0,,0.6666666666666666,0.6666666666666666,0.6666666666666666,0.6666666666666666
acb62a29cc90,d999997e8436,context7,multihop,mh072,How to implement SQLAlchemy model versioning with history tables?,0,2661.32,,,,,0,0,,1.0,1.0,1.0,1.0
acb62a29cc90,bf7c7baa4d89,context7,multihop,mh073,How does SQLAlchemy compile different SQL dialects for PostgreSQL vs MySQL vs SQLite?,0,2572.46,,,,,0,0,,1.0,1.0,1.0,1.0
acb62a29cc90,1ccd95052a2e,context7,multihop,mh074,How to implement SQLAlchemy repository pattern with generic CRUD operations?,0,2978.39,,,,,0,0,,0.3333333333333333,0.3333333333333333,0.3333333333333333,0.3333333333333333
acb62a29cc90,118cd69db1a3,context7,multihop,mh075,How to implement SQLAlchemy with Alembic for online schema migrations?,0,2584.58,,,,,0,0,,0.3333333333333333,0.3333333333333333,0.3333333333333333,0.3333333333333333
acb62a29cc90,1dba4d04c6a9,context7,multihop,mh076,"How to implement a robust HTTP client with retries, circuit breaker, and fallback in HTTPX?",0,2656.74,,,,,0,0,,0.6666666666666666,0.6666666666666666,0.6666666666666666,0.6666666666666666
acb62a29cc90,d3373e2c16d1,context7,multihop,mh077,How to implement OAuth2 client credentials flow with token caching using HTTPX?,0,2790.21,,,,,0,0,,0.6666666666666666,0.6666666666666666,0.6666666666666666,0.6666666666666666
acb62a29cc90,99fd1dc5b8e9,context7,multihop,mh078,How to implement request signing with HMAC authentication in HTTPX?,0,2346.68,,,,,0,0,,1.0,1.0,1.0,1.0
acb62a29cc90,926edc6bf93c,context7,multihop,mh079,How does HTTPX handle HTTP/2 with stream multiplexing and server push?,0,2679.92,,,,,0,0,,0.6666666666666666,0.6666666666666666,0.6666666666666666,0.6666666666666666
acb62a29cc90,c91a215d6824,context7,multihop,mh080,How to implement requests Session with custom adapters and SSL configuration?,0,2619.81,,,,,0,0,,1.0,1.0,1.0,1.0
acb62a29cc90,d991ec3155a3,context7,multihop,mh081,How to implement streaming file upload with progress tracking in HTTPX?,0,3134.47,,,,,0,0,,1.0,1.0,1.0,1.0
acb62a29cc90,1077cde6f539,context7,multihop,mh082,How to mock HTTP requests in tests using respx for HTTPX?,0,2017.77,,,,,0,0,,0.0,0.0,0.0,0.0
acb62a29cc90,f20607fe9fcc,context7,multihop,mh083,How to implement cookie-based session management across requests in HTTPX?,0,2713.70,,,,,0,0,,1.0,1.0,1.0,1.0
acb62a29cc90,da35059ebfe2,context7,multihop,mh084,How to implement request/response interceptors in HTTPX using event hooks?,0,1960.65,,,,,0,0,,1.0,1.0,1.0,1.0
acb62a29cc90,bc5c889372d5,context7,multihop,mh085,How does HTTPX handle proxy authentication and CONNECT tunneling?,0,2668.35,,,,,0,0,,1.0,1.0,1.0,1.0
acb62a29cc90,465e8d0c04e6,context7,multihop,mh086,How to implement a custom PyTorch Dataset with data augmentation and DataLoader?,0,2551.55,,,,,0,0,,0.6666666666666666,0.6666666666666666,0.6666666666666666,0.6666666666666666
acb62a29cc90,18ba32b64eb4,context7,multihop,mh087,How to implement distributed data parallel training in PyTorch?,0,2283.00,,,,,0,0,,0.6666666666666666,0.6666666666666666,0.6666666666666666,0.6666666666666666
acb62a29cc90,22339b2002a2,context7,multihop,mh088,How to implement custom autograd function with forward and backward pass in PyTorch?,0,2210.49,,,,,0,0,,1.0,1.0,1.0,1.0
acb62a29cc90,bd8c087f0b2e,context7,multihop,mh089,How to implement learning rate warmup with cosine annealing in PyTorch?,0,2254.76,,,,,0,0,,0.6666666666666666,0.6666666666666666,0.6666666666666666,0.6666666666666666
acb62a29cc90,8f8defec0a9a,context7,multihop,mh090,How to implement PyTorch model quantization for deployment?,0,1934.44,,,,,0,0,,1.0,1.0,1.0,1.0
acb62a29cc90,d1e69717001e,context7,multihop,mh091,How to export PyTorch model to ONNX with dynamic axes and custom operators?,0,2214.99,,,,,0,0,,1.0,1.0,1.0,1.0
acb62a29cc90,bed00f13cfc9,context7,multihop,mh092,How to implement gradient clipping and accumulation in PyTorch training?,0,2307.32,,,,,0,0,,1.0,1.0,1.0,1.0
acb62a29cc90,85131dd5f840,context7,multihop,mh093,How to implement PyTorch hooks for feature extraction and gradient visualization?,0,2149.57,,,,,0,0,,1.0,1.0,1.0,1.0
acb62a29cc90,6190d70bf495,context7,multihop,mh094,How to implement mixed precision training with GradScaler in PyTorch?,0,2360.54,,,,,0,0,,1.0,1.0,1.0,1.0
acb62a29cc90,58de1ca87488,context7,multihop,mh095,How to implement PyTorch model checkpointing with best model tracking?,0,2413.52,,,,,0,0,,1.0,1.0,1.0,1.0
acb62a29cc90,7014087b72c0,context7,multihop,mh096,How to implement custom loss function with class weighting in PyTorch?,0,2216.42,,,,,0,0,,1.0,1.0,1.0,1.0
acb62a29cc90,10bbe4516629,context7,multihop,mh097,How to implement attention mechanism from scratch in PyTorch?,0,2366.25,,,,,0,0,,1.0,1.0,1.0,1.0
acb62a29cc90,9ba6af332503,context7,multihop,mh098,How to implement PyTorch data pipeline with custom collate and sampler?,0,2160.93,,,,,0,0,,0.6666666666666666,0.6666666666666666,0.6666666666666666,0.6666666666666666
acb62a29cc90,b26c327683a5,context7,multihop,mh099,How to implement transfer learning with frozen layers and fine-tuning in PyTorch?,0,2365.12,,,,,0,0,,0.6666666666666666,0.6666666666666666,0.6666666666666666,0.6666666666666666
acb62a29cc90,131d461409cf,context7,multihop,mh100,How to profile PyTorch model performance with torch.profiler?,0,2391.17,,,,,0,0,,1.0,1.0,1.0,1.0
